,0
0,https://tmofa.tycg.gov.tw/ch/events/current-events
1,https://tmofa.tycg.gov.tw/ch/news/popular-events
2,https://mbscnn.org/NewsList.aspx?CLASS=203
3,"https://www.library.taichung.gov.tw/public/gallery/index.asp?Parser=99,20,574"
4,https://www.skegeo.com/search?category=15
5,https://www.travel.taipei/zh-tw/activity?page=1
6,https://www.travel.taipei/zh-tw/activity
7,https://www.artistvillage.org/event.php
8,https://www.zhonghe.ntpc.gov.tw/home.jsp?id=cde22cf69925c531
9,https://www.klccab.gov.tw/ArtsActivitie/Lists/73754d9b-5f20-4f08-9084-da10d90bc8b2?firstpage=1
10,https://e-info.org.tw/event
11,http://tnaf.tnc.gov.tw/2020/exhibition_list.php
12,https://tmofa.tycg.gov.tw/ch/exhibitions/current-exhibitions
13,http://tnaf.tnc.gov.tw/2020/program_list.php
14,https://www.zhonghe.ntpc.gov.tw/home.jsp?id=f57762b740db24e7
15,https://www.travel.taipei/zh-tw/activity/2021.05.22?page=1
16,https://www.travel.taipei/zh-tw/activity/2021.05.22
17,https://www.travel.taipei/zh-tw/activity/2020.07.04?page=1
18,https://www.travel.taipei/zh-tw/activity/2020.07.04
19,https://www.travel.taipei/zh-tw/activity/2021.03.24?page=1
20,https://www.travel.taipei/zh-tw/activity/2021.03.24
21,https://www.travel.taipei/zh-tw/activity/e2017.06.05?page=1
22,https://www.travel.taipei/zh-tw/activity/e2017.06.05
23,http://accelerator.twcloud.org.tw/NewsPage.aspx
24,https://www.travel.taipei/zh-tw/activity/2017.06.01?page=1
25,https://www.travel.taipei/zh-tw/activity/e2018.06.30?page=1
26,https://www.travel.taipei/zh-tw/activity/e2021.03.26?page=1
27,https://www.travel.taipei/zh-tw/activity/2018.02.01?page=1
28,https://www.travel.taipei/zh-tw/activity/e2018.07.31?page=1
29,https://www.travel.taipei/zh-tw/activity/e2021.07.22?page=1
30,https://transactionaward.startupterrace.tw/broaden_horizons_event
31,https://www.travel.taipei/zh-tw/activity/2018.04.07?page=1
32,https://www.travel.taipei/zh-tw/activity/e2021.04.18?page=1
33,https://www.travel.taipei/zh-tw/activity/e2019.11.01?page=1
34,https://www.travel.taipei/zh-tw/activity/e2017.11.18?page=1
35,https://www.travelinstyle.com.tw/media.html
36,https://www.travel.taipei/zh-tw/activity/e2020.07.28?page=1
37,https://www.travel.taipei/zh-tw/activity/e2021.05.11?page=1
38,https://www.travel.taipei/zh-tw/activity/e2021.05.11
39,https://www.travel.taipei/zh-tw/activity/e2019.01.09?page=1
40,https://www.travel.taipei/zh-tw/activity/2019.02.28?page=1
41,https://www.travel.taipei/zh-tw/activity/2019.11.23?page=1
42,https://www.travel.taipei/zh-tw/activity/e2021.04.24?page=1
43,https://www.travel.taipei/zh-tw/activity/2017.03.23?page=1
44,https://www.travel.taipei/zh-tw/activity/e2018.06.01?page=1
45,https://www.travel.taipei/zh-tw/activity/2017.03.15
46,https://www.travel.taipei/zh-tw/activity/e2021.05.28?page=1
47,https://www.travel.taipei/zh-tw/activity/2017.06.04?page=1
48,https://www.travel.taipei/zh-tw/activity/2017.11.12
49,https://www.travel.taipei/zh-tw/activity/2017.04.22?page=1
