"EID","EventSourcePage","label"
"447","http://ewda.tw/","1"
"457","http://bambooculture.com/taxonomy/term/3411","1"
"460","http://investmentcommunity16888.blogspot.com/search/label/%E6%8A%95%E8%B3%87%E8%AC%9B%E5%BA%A7","1"
"463","http://www.chailease.org.tw/ugC_Activity.asp","1"
"464","https://www.ncu.edu.tw/events","1"
"475","https://ddyp.ddm.org.tw/activity.php","1"
"483","https://cheng-sing.com/productInformation","1"
"484","https://www.nmh.gov.tw/informationimgs_69.html","1"
"488","http://www.wsa.com.tw/index.php","1"
"491","http://www.xwtsc.com/","1"
"492","https://fantasystory.com.tw/ltp_all.php","1"
"499","https://cavesconnect.cavesbooks.com.tw/events/","1"
"511","https://ys.tcnr.gov.tw/news.php","1"
"512","http://www.psy.ntu.edu.tw/index.php/homepage/speech","1"
"518","https://www.ncl.edu.tw/activityhistorylist_238.html","1"
"519","http://www.khm.org.tw/tw/exhibition/currentexhibitions","1"
"523","https://www.ankecare.com/%e6%b4%bb%e5%8b%95%e8%b3%87%e8%a8%8a","1"
"526","https://www.chcsec.gov.tw/home","1"
"530","https://toybank.ntpc.gov.tw/toybank/volunteer.php","1"
"553","https://www.cksmh.gov.tw/exhibitionlist_107.html","1"
"564","http://www.twcenter.org.tw/archives/category/%e6%b4%bb%e5%8b%95%e6%b6%88%e6%81%af","1"
"569","https://www.nmtl.gov.tw/activitysoonlist_189.html","1"
"572","https://www.mocataipei.org.tw/tw/ExhibitionAndEvent","1"
"574","http://www.dadun.culture.taichung.gov.tw/TCDCCFrontend/Exhibition/Active","1"
"577","https://www.ukeas.com.tw/ukeasnews-overview.php","1"
"598","http://www.tpqc.com.tw/%e6%89%80%e6%9c%89%e8%aa%b2%e7%a8%8b/","1"
"601","https://chccp.e-land.gov.tw/%e5%b1%95%e6%bc%94%e8%88%87%e5%ad%b8%e7%bf%92/","1"
"607","https://ys.tcnr.gov.tw/activity_calendar.php","1"
"611","http://investmentcommunity16888.blogspot.com/search/label/%E6%9C%80%E6%96%B0%E8%AA%B2%E7%A8%8B%E8%B3%87%E8%A8%8A","1"
"619","https://www.sow.org.tw/event","1"
"639","https://eball.tw/events","1"
"654","https://www.ntmofa.gov.tw/activitysoonlist_1036.html","1"
"661","http://www.psygarden.com.tw/news.php","1"
"665","http://www.majisquare.com/event_list.php","1"
"678","https://www.orchina.net/events","1"
"720","https://erf.org.tw/eventlist/","1"
"721","https://www.ntcri.gov.tw/activitysoonlist_160.html","1"
"753","https://dac.tw/cmoaexhibition/","1"
"760","http://investmentcommunity16888.blogspot.com/search/label/%E8%A1%8D%E7%94%9F%E6%80%A7%E9%87%91%E8%9E%8D%E5%95%86%E5%93%81","1"
"768","http://www.parenting.tw/news.asp","1"
"776","http://www.guandu-natureart.tw/events","1"
"780","http://tw-toylibrary.org/new/event.php","1"
"784","https://www.chtf.org.tw/news","1"
"791","https://www.ntmofa.gov.tw/activitysoonlist_1037.html","1"
"795","http://www.cityyeast.com/passion3_list.php","1"
"796","https://www.nmh.gov.tw/activitysoonlist_66.html","1"
"823","https://eball.tw/events/netfriend","1"
"824","https://tydep-eew.com.tw/news.php","1"
"838","https://dac.tw/currentcoming/","1"
"848","https://www.ntmofa.gov.tw/informationlist_1074.html","1"
"856","http://jam.jutfoundation.org.tw/online-activity","1"
"884","http://www.sundaytour.com.tw/zh-tw/player/edm-list.php","1"
"888","https://dac.tw/others/","1"
"893","http://www.parenting.tw/campaign.asp","1"
"895","http://www.xwtsc.com/news.php","1"
"902","https://www.ukeas.com.tw/ukeasnews-event-list.php","1"
"906","https://activity.tipo.gov.tw/lp.asp?ctNode=817&CtUnit=169&BaseDSD=55&mp=1","1"
"907","http://www.asiaartcenter.org/asia/%E6%9C%80%E6%96%B0%E6%B6%88%E6%81%AF-2020/","1"
"908","https://www.artistvillage.org/event.php","1"
"909","https://taiwantrc.org/events/","1"
"913","https://www.ukeas.com.tw/webinars.php","1"
"927","https://www.ukeas.com.tw/ukeasnews-news-list.php","1"
"928","https://cheng-sing.com/blog","1"
"938","https://culture.skm.com.tw/home/cregister","1"
"952","http://www.ldatc.org.tw/news","1"
"957","https://fantasystory.com.tw/ltp_search.php","1"
"967","https://www.nmh.gov.tw/informationlist_204.html","1"
"969","http://www.gston.com.tw/product.php","1"
"975","http://www.khm.org.tw/tw/event","1"
"1003","https://www.nmtl.gov.tw/activitysoonlist_134.html","1"
"1024","https://culture.skm.com.tw/home/performance","1"
"1029","https://www.chimeimuseum.org/%E6%89%BE%E6%B4%BB%E5%8B%95/A891E828-042A-41F9-8B6F-D7F30E55FDC4/ls","1"
"1041","http://www.comedy.com.tw/","1"
"1048","http://investmentcommunity16888.blogspot.com/search/label/%E5%85%B6%E4%BB%96%E8%AA%B2%E7%A8%8B","1"
"1060","https://rice.furkid.org/category/%e6%b4%bb%e5%8b%95/","1"
"1062","https://e-info.org.tw/event","1"
"1079","https://www.nmth.gov.tw/exhibitionlist_236.html","1"
"1082","https://www.nmtl.gov.tw/activitysoonlist_191.html","1"
"1093","http://online.ktli.org.tw/news.php","1"
"1103","https://www.somategrity.com/products/all/1.htm","1"
"1104","https://dac.tw/announcement2/","1"
"1139","https://www.bopiliao.taipei/News","1"
"1153","https://www.ntmofa.gov.tw/activitysoonlist_1038.html","1"
"1161","https://dac.tw/events/","1"
"1174","https://www.ukeas.com.tw/comingevents.php","1"
"1183","http://www.chailease.org.tw/ugC_News.asp","1"
"1195","https://www.nmtl.gov.tw/activitysoonlist_188.html","1"
"1215","http://www.chi-nanchurch.tw/bulletin/events","1"
"1222","https://www.chimeimuseum.org/%E7%95%B6%E6%9C%9F%E5%B1%95%E8%A6%BD/4C579057-AAB3-4618-80B8-9F89975D0871","1"
"1243","http://investmentcommunity16888.blogspot.com/search/label/%E6%AD%A3%E7%B5%B1%E6%8A%80%E8%A1%93%E5%88%86%E6%9E%90","1"
"1255","https://conference.itl.nctu.edu.tw/history_conf_list.php","1"
"1265","https://www.nmtl.gov.tw/activitysoonlist_131.html","1"
"1272","https://www.wildviewtaiwan.org.tw/festival","1"
"1285","https://dac.tw/news/","1"
"1296","https://lkkpomia.tgb.org.tw/","1"
"1320","https://thecubespace.com/project-list/%e7%9b%ae%e5%89%8d%e5%b1%95%e8%a6%bd/","1"
"1325","http://www.khm.org.tw/tw/exhibition/permanentexhibitions","1"
"1337","http://bambooculture.com/event-all","1"
"1344","https://www.nmth.gov.tw/activityreglist_50.html","1"
"1349","https://vvg.com.tw/news","1"
"1365","http://taichung.trkmall.com.tw/event.html","1"
"1370","http://www.irun.com.tw/activity/activity-list.php","1"
"1381","https://www.cksmh.gov.tw/activitysoonlist_137.html","1"
"1384","https://www.nmtl.gov.tw/informationlist_121.html","1"
"1390","https://www.cksmh.gov.tw/activitysoonlist_369.html","1"
"1405","https://www.ntmofa.gov.tw/activitysoonlist_1052.html","1"
"1409","https://www.bopiliao.taipei/Event_News","1"
"1463","http://taiwangca.org/news/list","1"
"1468","https://library.hcml.gov.tw/lp.asp?BaseDSD=55&CtUnit=196&ctNode=817&mp=1","-1"
"1469","https://library.hcml.gov.tw/sp.asp?xdurl=onlinesign/onlinesign.asp&mp=1&ctNode=814","-1"
"1470","https://library.hcml.gov.tw/lp.asp?BaseDSD=54&CtUnit=211&ctNode=870&mp=1","-1"
"1471","https://library.hcml.gov.tw/lp.asp?CtNode=870&CtUnit=211&BaseDSD=54&mp=1","-1"
"1472","https://library.hcml.gov.tw/mp.asp?mp=1","-1"
"1473","https://library.hcml.gov.tw/lp.asp?CtNode=869&CtUnit=158&BaseDSD=7&mp=1","-1"
"1474","https://library.hcml.gov.tw/sp.asp?ctNode=814&mp=1&xdurl=onlinesign/onlinesign.asp","-1"
"1475","https://www.fishbar.com.tw/news/news_main","-1"
"1476","https://www.fishbar.com.tw/activity/act_list","-1"
"1477","https://www.fishbar.com.tw/activity/activity_home","-1"
"1478","http://soulangh.tnc.gov.tw/site/exhibition/joi4y19kSTY6MAZQkmDlJQ..","-1"
"1479","http://soulangh.tnc.gov.tw/site/exhibition/rj_PpBdvKZ-V46kaQZZ9_Q..","-1"
"1480","http://soulangh.tnc.gov.tw/site/news","-1"
"1481","https://makerpro.cc/event-home/","-1"
"1482","https://tour.xplova.com/tw/event","-1"
"1483","http://careernthu.conf.asia/com_explanation.aspx?lang=cht&pid=6&sid=","-1"
"1484","http://careernthu.conf.asia/sys_news_job.aspx?sid=&lang=cht&pid=407","-1"
"1485","http://careernthu.conf.asia/com_explanation.aspx?lang=cht","-1"
"1486","http://careernthu.conf.asia/sys_news.aspx?lang=cht","-1"
"1487","https://imc.ichiayi.com/index.php?g2p=3","-1"
"1488","https://imc.ichiayi.com/modules/tadnews/index.php?tag_sn=3","-1"
"1489","https://imc.ichiayi.com/index.php?g2p=8","-1"
"1490","https://imc.ichiayi.com/index.php?g2p=2","-1"
"1491","https://imc.ichiayi.com/modules/tadnews/index.php?ncsn=7","-1"
"1492","https://imc.ichiayi.com/modules/tadnews/index.php","-1"
"1493","https://imc.ichiayi.com/modules/tadnews/index.php?ncsn=4","-1"
"1494","https://imc.ichiayi.com/index.php?g2p=5","-1"
"1495","https://imc.ichiayi.com/modules/tadnews/index.php?ncsn=19","-1"
"1496","https://imc.ichiayi.com/index.php?g2p=6","-1"
"1497","https://imc.ichiayi.com/index.php?g2p=1","-1"
"1498","https://imc.ichiayi.com/index.php?g2p=7","-1"
"1499","https://imc.ichiayi.com/modules/tadnews/index.php?ncsn=2","-1"
"1500","https://imc.ichiayi.com/index.php?g2p=9","-1"
"1501","https://imc.ichiayi.com/modules/tadnews/index.php?ncsn=3","-1"
"1502","https://imc.ichiayi.com/index.php?g2p=4","-1"
"1503","https://imc.ichiayi.com/index.php?g2p=10","-1"
"1504","http://umkt.jutfoundation.org.tw/activity","-1"
"1505","http://umkt.jutfoundation.org.tw/news","-1"
"1506","http://umkt.jutfoundation.org.tw/news/59","-1"
"1507","https://mbscnn.org/QRY/MBQry_Class_01_v01.aspx?CLASS=349&PLACE=%E6%A1%83%E5%9C%92%E4%B8%AD%E5%BF%83","-1"
"1508","https://mbscnn.org/QRY/MBQry_Class_01_v01.aspx?PLACE=%E5%9C%8B%E5%A7%93%E7%A6%AA%E4%BF%AE%E4%B8%AD%E5%BF%83&CLASS=326/","-1"
"1509","https://mbscnn.org/QRY/MBQry_Class_01_v01.aspx?PLACE=%E5%A4%A7%E6%A8%B9%E7%A6%AA%E4%BF%AE%E4%B8%AD%E5%BF%83&CLASS=329","-1"
"1510","https://mbscnn.org/NewsList.aspx?CLASS=314","-1"
"1511","https://mbscnn.org/NewsList.aspx?CLASS=201","-1"
"1512","https://mbscnn.org/QRY/MBQry_Class_01_v01.aspx?PLACE=%E9%AB%98%E9%9B%84%E4%B8%AD%E5%BF%83&CLASS=323","-1"
"1513","https://mbscnn.org/NewsList.aspx?CLASS=413","-1"
"1514","https://mbscnn.org/NewsList.aspx?CLASS=202","-1"
"1515","https://mbscnn.org/NewsList.aspx?CLASS=203","-1"
"1516","https://mbscnn.org/NewsList.aspx?CLASS=402","-1"
"1517","https://mbscnn.org/QRY/MBQry_Class_01_v01.aspx?PLACE=%E5%8F%B0%E5%8C%97%E4%B8%AD%E5%BF%83&CLASS=317/","-1"
"1518","https://mbscnn.org/NewsList.aspx?CLASS=315","-1"
"1519","https://mbscnn.org/QRY/MBQry_Class_01_v01.aspx?CLASS=326&PLACE=%E5%9C%8B%E5%A7%93%E7%A6%AA%E4%BF%AE%E4%B8%AD%E5%BF%83/","-1"
"1520","https://mbscnn.org/QRY/MBQry_Class_01_v01.aspx?CLASS=329&PLACE=%E5%A4%A7%E6%A8%B9%E7%A6%AA%E4%BF%AE%E4%B8%AD%E5%BF%83","-1"
"1521","https://mbscnn.org/QRY/MBQry_Class_01_v01.aspx?CLASS=285","-1"
"1522","https://mbscnn.org/NewsList.aspx?CLASS=334","-1"
"1523","https://mbscnn.org/QRY/MBQry_Class_01_v01.aspx?CLASS=317&PLACE=%E5%8F%B0%E5%8C%97%E4%B8%AD%E5%BF%83","-1"
"1524","https://www.gearlab.com.tw/news.php","-1"
"1525","http://www.chailease.org.tw/ugC_Activity.asp?hidActivityCatID=11","-1"
"1526","https://bikexc.com/product-category/%e6%9c%80%e6%96%b0%e8%a1%8c%e7%a8%8b/","-1"
"1527","https://bikexc.com/product-category/%e5%85%a8%e9%83%a8%e8%a1%8c%e7%a8%8b/?product_orderby=date&product_view=list&product_order=desc/","-1"
"1528","https://bikexc.com/product-category/%E5%85%A8%E9%83%A8%E8%A1%8C%E7%A8%8B/?product_order=desc&product_orderby=date&product_view=list","-1"
"1529","http://www.magnifiedhealing-chinese.com/upcoming-events","-1"
"1530","https://www.leeandli.com/TW/000000011.htm","-1"
"1531","https://www.leeandli.com/TW/000000027.htm","-1"
"1532","http://www.poly.tw/cata.php?id=2","-1"
"1533","http://www.khm.org.tw/tw/news","-1"
"1534","http://www.khm.org.tw/tw/event/past","-1"
"1535","https://www.taih.ntnu.edu.tw/index.php/category/uncategorized/2/","-1"
"1536","https://www.taih.ntnu.edu.tw/index.php/category/uncategorized/6/","-1"
"1537","https://www.taih.ntnu.edu.tw/index.php/category/uncategorized/","-1"
"1538","https://www.taih.ntnu.edu.tw/index.php/category/2/","-1"
"1539","https://www.riverside.com.tw/livehouse","-1"
"1540","https://www.riverside.com.tw/new","-1"
"1541","https://www.riverside.com.tw/musiccafe","-1"
"1542","https://www.riverside.com.tw/shows","-1"
"1543","https://www.riverside.com.tw/20news","-1"
"1544","https://www.riverside.com.tw/20lineup","-1"
"1545","https://www.riverside.com.tw/news","-1"
"1546","https://tps.forest.gov.tw/TPSWeb/wSite/lp?ctNode=252&idPath=215_219_252&mp=1","-1"
"1547","https://tps.forest.gov.tw/TPSWeb/wSite/lp?ctNode=252&mp=1&idPath=215_219_252/","-1"
"1548","https://tps.forest.gov.tw/TPSWeb/wSite/lp?ctNode=251&idPath=215_219_251&mp=1","-1"
"1549","https://tps.forest.gov.tw/TPSWeb/wSite/lp?ctNode=252&idPath=215_219_252&idPath=215_219_252&mp=1&mp=1&xq_xCat=06","-1"
"1550","https://tps.forest.gov.tw/TPSWeb/wSite/lp?ctNode=251&mp=1&idPath=215_219_251","-1"
"1551","https://tps.forest.gov.tw/TPSWeb/wSite/mp#tab2","-1"
"1552","https://tps.forest.gov.tw/TPSWeb/wSite/lp?ctNode=252&idPath=&idPath=&mp=1&mp=1&xq_xCat=06","-1"
"1553","https://tps.forest.gov.tw/TPSWeb/wSite/lp?ctNode=252&mp=1","-1"
"1554","https://tps.forest.gov.tw/TPSWeb/wSite/lp?ctNode=252&mp=1&idPath=215_219_252&xq_xCat=06&mp=1&idPath=215_219_252","-1"
"1555","https://tps.forest.gov.tw/TPSWeb/wSite/lp?ctNode=252&mp=1&idPath=&xq_xCat=06&mp=1&idPath=","-1"
"1556","http://www.taiwanwalks.com/personal_main.php","-1"
"1557","http://www.taiwanwalks.com/group_main.php","-1"
"1558","https://act.cjcu.edu.tw/ActiveSite/ActiveList.aspx","-1"
"1559","https://act.cjcu.edu.tw/ActiveSite/ActiveList.aspx?_class=A10","-1"
"1560","https://act.cjcu.edu.tw/ActiveSite/ActiveList.aspx?_class=A09","-1"
"1561","https://act.cjcu.edu.tw/ActiveSite/ActiveList.aspx?_class=S01","-1"
"1562","https://actio.ncl.edu.tw/?cid=134","-1"
"1563","https://actio.ncl.edu.tw/?cid=130","-1"
"1564","https://actio.ncl.edu.tw/activitydetails?uid=2&pid=270","-1"
"1565","https://actio.ncl.edu.tw/#searchbox/","-1"
"1566","https://actio.ncl.edu.tw/?cid=131","-1"
"1567","https://actio.ncl.edu.tw/?page=3","-1"
"1568","https://actio.ncl.edu.tw/","-1"
"1569","https://actio.ncl.edu.tw/activitydetails?uid=2&pid=272","-1"
"1570","https://actio.ncl.edu.tw/?page=2","-1"
"1571","https://www.sunmoonlake.gov.tw/zh-tw/event/newslist","-1"
"1572","https://www.sunmoonlake.gov.tw/zh-tw/event/newslist?page=1&sortby=Posted","-1"
"1573","https://www.sunmoonlake.gov.tw/activities/musicfestival/","-1"
"1574","https://www.sunmoonlake.gov.tw/zh-tw/diary","-1"
"1575","https://www.sunmoonlake.gov.tw/zh-tw/event/calendar/2021","-1"
"1576","https://www.sunmoonlake.gov.tw/zh-tw/event/newslist#/","-1"
"1577","https://www.sunmoonlake.gov.tw/zh-tw/event/newslist?sortby=Posted&page=1/","-1"
"1578","https://www.sunmoonlake.gov.tw/activities/musicfestival/ch/page-2.html","-1"
"1579","https://www.tpqc.com.tw/%e6%89%80%e6%9c%89%e8%aa%b2%e7%a8%8b/","-1"
"1580","https://www.tpqc.com.tw/category/%E5%85%AC%E5%91%8A/%E6%9C%80%E6%96%B0%E6%B6%88%E6%81%AF/","-1"
"1581","https://www.tpqc.com.tw/%e6%89%80%e6%9c%89%e8%aa%b2%e7%a8%8b/%e6%96%87%e5%89%b5%e8%97%9d%e8%a1%93/","-1"
"1582","https://www.tpqc.com.tw/%e6%89%80%e6%9c%89%e8%aa%b2%e7%a8%8b/%e8%aa%b2%e7%a8%8b-%e8%a8%ad%e8%a8%88%e5%89%b5%e6%96%b0/","-1"
"1583","https://www.tpqc.com.tw/%E6%9C%80%E6%96%B0%E6%B6%88%E6%81%AF/","-1"
"1584","https://www.tpqc.com.tw/%e6%89%80%e6%9c%89%e8%aa%b2%e7%a8%8b/%e8%aa%b2%e7%a8%8b-%e9%a2%a8%e6%a0%bc%e6%89%8b%e4%bd%9c/","-1"
"1585","https://www.tpqc.com.tw/%e6%89%80%e6%9c%89%e8%aa%b2%e7%a8%8b/%e6%94%9d%e5%bd%b1%e7%be%8e%e5%ad%b8/","-1"
"1586","https://tpqc.com.tw/%E6%9C%80%E6%96%B0%E6%B6%88%E6%81%AF/","-1"
"1587","https://www.tpqc.com.tw/%e6%89%80%e6%9c%89%e8%aa%b2%e7%a8%8b/%e8%aa%b2%e7%a8%8b-%e9%87%91%e8%9e%8d%e7%ae%a1%e7%90%86/","-1"
"1588","http://seminars.law.nycu.edu.tw/history_conf_list.php","-1"
"1589","https://conference.itl.nctu.edu.tw/conference_list.php","-1"
"1590","http://seminars.law.nycu.edu.tw/conference_list.php","-1"
"1591","https://event.culture.tw/NMP/portal/Tour/J5401MAction","-1"
"1592","https://event.culture.tw/NMP/portal/Registration/C0108MAction","-1"
"1593","https://event.culture.tw/NMP/portal/Registration/ActkindAction/","-1"
"1594","https://event.culture.tw/NMP/portal/Registration/C0102MAction","-1"
"1595","https://event.rhythmsmonthly.com/tc-event-category/%E5%B9%B8%E7%A6%8F%E4%BA%BA%E7%94%9F%E8%AC%9B%E5%BA%A7/","-1"
"1596","https://event.rhythmsmonthly.com/tc-event-category/%E6%96%B0%E6%9B%B8%E7%99%BC%E8%A1%A8%E6%9C%83/","-1"
"1597","https://community.society.taichung.gov.tw/latestevent/index.aspx?Parser=9,3,23","-1"
"1598","https://community.society.taichung.gov.tw/registration/index.aspx?Parser=99,7,36","-1"
"1599","https://community.society.taichung.gov.tw/registration/syncList.aspx?Parser=99,3,24","-1"
"1600","https://hiking.biji.co/index.php?q=event&act=weekend","-1"
"1601","https://hiking.biji.co/index.php?q=event","-1"
"1602","https://hiking.biji.co/index.php?act=list&q=minisite","-1"
"1603","https://hiking.biji.co/index.php?q=minisite&act=list","-1"
"1604","https://hiking.biji.co/index.php?act=weekend&q=event","-1"
"1605","https://ievents.iii.org.tw/Default.aspx#/","-1"
"1606","https://ievents.iii.org.tw/EventList.aspx?w=P","-1"
"1607","https://ievents.iii.org.tw/EventList.aspx","-1"
"1608","https://ievents.iii.org.tw/EventList.aspx?w=A","-1"
"1609","http://erf.org.tw/eventlist/hito/","-1"
"1610","http://erf.org.tw/eventlist/recent/","-1"
"1611","https://kml.kcg.gov.tw/act/info#/","-1"
"1612","https://kml.kcg.gov.tw/act/info","-1"
"1613","https://kml.kcg.gov.tw/display/now","-1"
"1614","https://kml.kcg.gov.tw/news","-1"
"1615","https://kml.kcg.gov.tw/act/info/detail?key=73","-1"
"1616","https://kingcar.org.tw/news","-1"
"1617","https://kingcar.org.tw/reading_education/19","-1"
"1618","https://kingcar.org.tw/reading_education/41","-1"
"1619","https://kingcar.org.tw/reading_education/20","-1"
"1620","https://lifelab.skl.com.tw/hotnews?type=1","-1"
"1621","https://lifelab.skl.com.tw/event_lists?type=5","-1"
"1622","https://lifelab.skl.com.tw/event_lists?type=/","-1"
"1623","https://lifelab.skl.com.tw/event_lists?type=2","-1"
"1624","https://lifelab.skl.com.tw/event_lists?type=4","-1"
"1625","https://lifelab.skl.com.tw/hotnews?type=11","-1"
"1626","https://lifelab.skl.com.tw/event_lists?type=3","-1"
"1627","https://lifelab.skl.com.tw/event_lists?type=","-1"
"1628","https://law.moeasmea.gov.tw/ailt/modules/events/","-1"
"1629","http://lkkpomia.tgb.org.tw/posts/?page=3","-1"
"1630","http://lkkpomia.tgb.org.tw/posts/?tag=%E9%98%BF%E5%8D%B4%E8%B3%9E%E5%8F%B0%E8%AA%9E%E7%B9%AA%E6%9C%AC%E9%96%B1%E8%AE%80%E7%A0%94%E7%BF%92%E6%B4%BB%E5%8B%95","-1"
"1631","https://lkkpomia.tgb.org.tw/posts/?page=1","-1"
"1632","http://lkkpomia.tgb.org.tw/posts/?page=2","-1"
"1633","http://lkkpomia.tgb.org.tw/posts/?tag=%E5%8F%B0%E8%AA%9E%E8%BC%B8%E5%85%A5%E6%B3%95%E9%AB%94%E9%A9%97%E6%B4%BB%E5%8B%95","-1"
"1634","https://fantasystory.com.tw/sv_activity.php?sid=20","-1"
"1635","https://fantasystory.com.tw/sv_activity.php?sid=3","-1"
"1636","https://fantasystory.com.tw/sv_activity.php?sid=160","-1"
"1637","https://fantasystory.com.tw/sv_activity.php?sid=12/","-1"
"1638","https://parklanes.com.tw/splendor-section/","-1"
"1639","https://parklanes.com.tw/events/","-1"
"1640","https://tmofa.tycg.gov.tw/ch/online-art/online-exhibition","-1"
"1641","https://tmofa.tycg.gov.tw/ch","-1"
"1642","https://tmofa.tycg.gov.tw/ch/news/latest-news","-1"
"1643","https://kingcar.org.tw/reading_education","-1"
"1644","https://tmofa.tycg.gov.tw/ch/events/current-events","-1"
"1645","https://tmofa.tycg.gov.tw/ch/news/popular-events","-1"
"1646","https://tmofa.tycg.gov.tw/ch/exhibitions/current-exhibitions","-1"
"1647","https://toybank.ntpc.gov.tw/toybank/volunteer.php?type=4","-1"
"1648","https://toybank.ntpc.gov.tw/toybank/event.php","-1"
"1649","https://toybank.ntpc.gov.tw/toybank/event.php?type=0","-1"
"1650","https://toybank.ntpc.gov.tw/toybank/volunteer.php?type=3","-1"
"1651","https://toybank.ntpc.gov.tw/toybank/volunteer.php?type=6","-1"
"1652","https://toybank.ntpc.gov.tw/toybank/car.php?type=0","-1"
"1653","https://toybank.ntpc.gov.tw/toybank/volunteer.php?type=5","-1"
"1654","https://toybank.ntpc.gov.tw/toybank/event.php?type=1","-1"
"1655","https://toybank.ntpc.gov.tw/toybank/event.php?type=2","-1"
"1656","https://toybank.ntpc.gov.tw/toybank/car.php","-1"
"1657","https://www.alps-outdoors.com.tw/blogs/news","-1"
"1658","https://www.alps-outdoors.com.tw/blogs/camp-event-registration","-1"
"1659","https://www.alps-outdoors.com.tw/blogs/hike-events","-1"
"1660","https://www.alps-outdoors.com.tw/blogs/camp-events","-1"
"1661","https://south.npm.gov.tw/ActivityInfoListC003210.aspx?appname=ActivityInfo3211","-1"
"1662","https://south.npm.gov.tw/ExhibitionsListC003110.aspx?appname=Exhibition3111","-1"
"1663","https://south.npm.gov.tw/ActivityInfoListC003210.aspx?appname=ActivityInfo3212","-1"
"1664","https://south.npm.gov.tw/Search.aspx?q=%E6%B4%BB%E5%8B%95","-1"
"1665","https://south.npm.gov.tw/ExhibitionsListC003110.aspx?appname=Exhibition3112","-1"
"1666","https://south.npm.gov.tw/Search.aspx?q=%E5%B1%95%E8%A6%BD","-1"
"1667","https://travel.taichung.gov.tw/zh-tw/Event/News","-1"
"1668","https://taiwanstay.net.tw/news","-1"
"1669","https://travel.taichung.gov.tw/zh-tw/Event/TouristCalendar/2020/","-1"
"1670","https://travel.taichung.gov.tw/zh-tw/Home/Search?q=%E4%B8%BB%E9%A1%8C%E9%81%8A%E7%A8%8B/#gsc.tab=0&gsc.q=%E4%B8%BB%E9%A1%8C%E9%81%8A%E7%A8%8B%2F&gsc.page=1","-1"
"1671","https://www.travel.taipei/zh-tw/activity/e2017.06.28?page=1/","-1"
"1672","https://travel.taichung.gov.tw/zh-tw/Event/PressRelease","-1"
"1673","https://travel.taichung.gov.tw/zh-tw/Attractions/NearbyEvent/39/%E9%80%A2%E7%94%B2%E5%A4%9C%E5%B8%82-%E9%80%A2%E7%94%B2%E5%95%86%E5%9C%88","-1"
"1674","https://tttc.ncfta.gov.tw/home/zh-tw/EPinformation","-1"
"1675","https://tttc.ncfta.gov.tw/home/zh-tw/OperaArt","-1"
"1676","https://event.culture.tw/XCT/portal/Registration/C0102MAction","-1"
"1677","https://tttc.ncfta.gov.tw/home/zh-tw/news","-1"
"1678","https://tttc.ncfta.gov.tw/home/zh-tw/PressRoom","-1"
"1679","https://event.culture.tw/XCT/portal/Registration/C0107MAction","-1"
"1680","https://tttc.ncfta.gov.tw/home/zh-tw/encore72hrs","-1"
"1681","https://event.culture.tw/XCT/portal/Registration/C0108MAction","-1"
"1682","https://tttc.ncfta.gov.tw/home/zh-tw/OperaBase","-1"
"1683","https://tttc.ncfta.gov.tw/home/zh-tw/activities","-1"
"1684","https://tttc.ncfta.gov.tw/home/zh-tw/seriesactivities","-1"
"1685","https://tttc.ncfta.gov.tw/home/zh-tw/LectureTowardDrama","-1"
"1686","https://tydep-eew.com.tw/news2.php","-1"
"1687","https://vvg.com.tw/news?cate=1","-1"
"1688","https://web.ncku.edu.tw/p/422-1000-1026.php?Lang=zh-tw","-1"
"1689","https://web.ncku.edu.tw/p/422-1000-1011.php?Lang=zh-tw","-1"
"1690","http://activity.ncku.edu.tw/index.php?c=apply&m=index","-1"
"1691","https://activity.ncku.edu.tw/","-1"
"1692","https://luko.talk.tw/ArticleClass.aspx?ClassID=10","-1"
"1693","https://luko.talk.tw/ArticleClass.aspx?ClassID=2","-1"
"1694","https://luko.talk.tw/ActSearch.aspx?KindID=11","-1"
"1695","https://luko.talk.tw/ActSearch.aspx?KindID=1","-1"
"1696","https://luko.talk.tw/ActSearch.aspx?KindID=3","-1"
"1697","https://luko.talk.tw/Search.aspx?Keyword=%e6%96%b0%e5%b9%b4%e6%b4%bb%e5%8b%95","-1"
"1698","https://luko.talk.tw/ActSearch.aspx?KindID=9","-1"
"1699","https://luko.talk.tw/ArticleClass.aspx?ClassID=1","-1"
"1700","https://luko.talk.tw/ActSearch.aspx?KindID=12","-1"
"1701","https://luko.talk.tw/ActSearch.aspx?KindID=7","-1"
"1702","https://luko.talk.tw/ActSearch.aspx?KindID=5","-1"
"1703","https://luko.talk.tw/ActSearch.aspx?KindID=2","-1"
"1704","https://luko.talk.tw/Search.aspx?Keyword=%E6%96%B0%E5%B9%B4%E6%B4%BB%E5%8B%95&SearchFrom=HotWord","-1"
"1705","https://luko.talk.tw/Search.aspx?SearchFrom=HotWord&Keyword=%e6%96%b0%e5%b9%b4%e6%b4%bb%e5%8b%95","-1"
"1706","https://luko.talk.tw/ActSearch.aspx?KindID=4","-1"
"1707","https://luko.talk.tw/ActSearch.aspx?KindID=8","-1"
"1708","https://luko.talk.tw/ActSearch.aspx?KindID=13","-1"
"1709","https://luko.talk.tw/ActSearch.aspx?KindID=6","-1"
"1710","https://luko.talk.tw/ActSearch.aspx?KindID=10","-1"
"1711","https://www.228.org.tw/228museum_event.php?sn=1","-1"
"1712","https://www.228.org.tw/228museum_exhibition.php?sn=5","-1"
"1713","https://www.ymsnp.gov.tw/main_ch/com_eeventcalendar/com_eeventcalendar_h.aspx?pid=15&uid=1428","-1"
"1714","https://www.ymsnp.gov.tw/main_ch/com_eeventcalendar/com_eeventcalendar_h.aspx?uid=1428&pid=15","-1"
"1715","https://www.ymsnp.gov.tw/main_ch/newsList.aspx?uid=14&pid=11","-1"
"1716","https://www.ymsnp.gov.tw/main_ch/com_eeventcalendar/eeventcalendar.aspx?uid=1427&pid=11/","-1"
"1717","https://www.ymsnp.gov.tw/main_ch/com_eeventcalendar/eeventcalendar.aspx?pid=11&uid=1427","-1"
"1718","https://www.ymsnp.gov.tw/main_ch/com_eeventcalendar/eeventcalendar.aspx?uid=1583&pid=18/","-1"
"1719","https://www.ymsnp.gov.tw/main_ch/com_eeventcalendar/eeventcalendar.aspx?pid=18&uid=1583","-1"
"1720","https://www.bigcamera.com.tw/activity.php","-1"
"1721","https://www.artistvillage.org/news.php","-1"
"1722","https://www.booklife.com.tw/event/","-1"
"1723","https://www.artcenter.ntpc.gov.tw/xceventsnews?xsmsid=0G269627753462801602","-1"
"1724","https://www.artcenter.ntpc.gov.tw/xmdoc?xsmsid=0J241544328901208901","-1"
"1725","https://www.artcenter.ntpc.gov.tw/xmdoc?xsmsid=0G269629106251547168","-1"
"1726","https://www.artcenter.ntpc.gov.tw/xmdoc?xsmsid=0G269629197439395113","-1"
"1727","https://www.artcenter.ntpc.gov.tw/","-1"
"1728","https://www.artcenter.ntpc.gov.tw/xmdoc?xsmsid=0H276560829804689588","-1"
"1729","https://www.ccat.tw/news","-1"
"1730","https://www.ccat.tw/event","-1"
"1731","https://www.chimeimuseum.org/%E6%9C%80%E6%96%B0%E8%A8%8A%E6%81%AF/1A44C47C-C009-4CA5-83A6-62819656AD88#/","-1"
"1732","https://www.chimeimuseum.org/%E5%B1%95%E6%BC%94%E7%AF%80%E7%9B%AE/4E097124-1F3E-46DF-91D9-4D30E3B85B16","-1"
"1733","https://www.chimeimuseum.org/#/","-1"
"1734","https://www.chimeimuseum.org/%E6%9C%80%E6%96%B0%E8%A8%8A%E6%81%AF/1A44C47C-C009-4CA5-83A6-62819656AD88","-1"
"1735","http://www.bopiliao.taipei/News#/","-1"
"1736","https://www.bopiliao.taipei/Event_News/Detail/26","-1"
"1737","http://www.bopiliao.taipei/Event_News/Now","-1"
"1738","https://www.chtf.org.tw/news/event","-1"
"1739","https://www.ankecare.com/%e6%b4%bb%e5%8b%95%e8%b3%87%e8%a8%8a#5","-1"
"1740","https://www.ankecare.com/%e6%b4%bb%e5%8b%95%e8%b3%87%e8%a8%8a#3","-1"
"1741","http://www.ankecareexpo.com/our-blog/","-1"
"1742","https://www.ankecare.com/%e6%b4%bb%e5%8b%95%e8%b3%87%e8%a8%8a#4","-1"
"1743","https://www.ankecare.com/category/%E6%B4%BB%E5%8B%95%E8%B3%87%E8%A8%8A","-1"
"1744","https://www.ankecare.com/%e6%b4%bb%e5%8b%95%e8%b3%87%e8%a8%8a#2","-1"
"1745","https://www.ankecare.com/category/%E6%B4%BB%E5%8B%95","-1"
"1746","https://www.comicworld.com.tw/Acts/hk","-1"
"1747","https://www.comicworld.com.tw/Acts/tw#mm-0","-1"
"1748","https://www.comicworld.com.tw/#mm-0","-1"
"1749","https://www.comicworld.com.tw/#t1/","-1"
"1750","https://www.comicworld.com.tw/Acts/tw","-1"
"1751","https://www.hfec.org.tw/news","-1"
"1752","https://www.hfec.org.tw/news/term/13","-1"
"1753","https://www.hfec.org.tw/meme-entrance","-1"
"1754","https://www.hfec.org.tw/events","-1"
"1755","https://www.hfec.org.tw/events/7/2021","-1"
"1756","https://www.hfec.org.tw/events/1/2021","-1"
"1757","https://www.hfec.org.tw/events/2/2021","-1"
"1758","https://www.huashan1914.com/w/huashan1914/news?index=3","-1"
"1759","https://www.huashan1914.com/w/huashan1914/news?index=4","-1"
"1760","https://www.huashan1914.com/w/umaytheater/Index","-1"
"1761","https://www.huashan1914.com/w/huashan1914/Epaper/","-1"
"1762","https://www.huashan1914.com/w/umaytheater/performance","-1"
"1763","https://www.huashan1914.com/w/huashan1914/news/","-1"
"1764","https://www.huashan1914.com/w/huashan1914/news?index=2","-1"
"1765","https://www.huashan1914.com/w/huashan1914/exhibition","-1"
"1766","https://www.huashan1914.com/w/sinhongchoon/Index","-1"
"1767","https://www.indievox.com/news/","-1"
"1768","https://www.indievox.com/partner/search/%E5%B0%8F%E5%9C%B0%E6%96%B9%E5%B1%95%E6%BC%94%E7%A9%BA%E9%96%93","-1"
"1769","https://www.indievox.com/tour","-1"
"1770","https://www.indievox.com/activity","-1"
"1771","https://www.klccab.gov.tw/Home/Search?q=%E5%B1%95%E6%BC%94","-1"
"1772","https://www.klccab.gov.tw/NewsAndAnnouncement?type=8","-1"
"1773","https://www.klccab.gov.tw/ArtsActivitie/Lists/58442464-10cd-4dcd-9bfe-4b2986dfe3c5?firstpage=1","-1"
"1774","https://www.klccab.gov.tw/NewsAndAnnouncement?type=6","-1"
"1775","https://klccwebkac.azurewebsites.net/Web/ShowWeb.aspx","-1"
"1776","https://www.klccab.gov.tw/ArtsActivitie/Lists/73754d9b-5f20-4f08-9084-da10d90bc8b2?firstpage=1","-1"
"1777","https://www.klccab.gov.tw/CulturalFestival","-1"
"1778","https://www.klccab.gov.tw/NewsAndAnnouncement?type=7","-1"
"1779","https://tpml.gov.taipei/News.aspx?_CSN=BD92F924C1D9415B&n=3951678DEC0A8461&sms=9D72E82EC16F3E64","-1"
"1780","https://www.okwork.taipei/ESO/content/tw/iFrameSet/161108205546","-1"
"1781","https://tpml.gov.taipei/News.aspx?n=68A4C6DA03531601&sms=ABDA4D9D1C570290","-1"
"1782","https://tpml.gov.taipei/News.aspx?_CSN=678395BFD2EDD9A5&n=3951678DEC0A8461&sms=9D72E82EC16F3E64","-1"
"1783","https://tpml.gov.taipei/#Group_1244914_mqcsXq3pLt","-1"
"1784","https://tpml.gov.taipei/News.aspx?n=16B1C97B7BB71624&sms=72544237BBE4C5F6","-1"
"1785","https://tpml.gov.taipei/News.aspx?n=057F7CE33AEF867C&sms=9D72E82EC16F3E64","-1"
"1786","https://tpml.gov.taipei/News.aspx?n=3951678DEC0A8461&sms=9D72E82EC16F3E64&_CSN=BD92F924C1D9415B","-1"
"1787","https://tpml.gov.taipei/News.aspx?n=3951678DEC0A8461&sms=9D72E82EC16F3E64","-1"
"1788","https://event.culture.tw/CHCSEC/portal/Index/IndexAction?uid=527","-1"
"1789","https://www.chcsec.gov.tw/Index?aspxerrorpath=/informationlist","-1"
"1790","https://event.culture.tw/CHCSEC/portal/Registration/C0101MAction","-1"
"1791","https://www.chcsec.gov.tw/activitysoonlist?uid=1054","-1"
"1792","https://www.chcsec.gov.tw/activitysoonlist?uid=290","-1"
"1793","https://event.culture.tw/CHCSEC/portal/Registration/C0102MAction","-1"
"1794","https://www.chcsec.gov.tw/Index?aspxerrorpath=/home","-1"
"1795","https://www.chcsec.gov.tw/activitysoonlist?uid=288","-1"
"1796","https://event.culture.tw/CHCSEC/portal/Registration/C0107MAction","-1"
"1797","https://www.library.ntpc.gov.tw/Activity/","-1"
"1798","https://www.library.ntpc.gov.tw/htmlcnt/toquerylist/ActvInfo","-1"
"1799","https://ddmcht.ddm.org.tw/DdmMsgWeb/DdmMsgSearch.aspx","-1"
"1800","https://ddmcht.ddm.org.tw/DdmMsgWeb/DdmMsgMore.aspx?qy=0,0,0,,2020/11/03,2021/02/03,000007,more","-1"
"1801","https://ddmcht.ddm.org.tw/DdmMsgWeb/DdmMsgMore.aspx?qy=0,0,0,,2020/11/03,2021/02/03,000003,more","-1"
"1802","https://chan.ddm.org.tw/xchome?xsmsid=0K316397009477672412","-1"
"1803","https://www.ddm.org.tw/xmnews?xsmsid=0K297353878952538129","-1"
"1804","https://www.ddm.org.tw/xmnews?xsmsid=0K329629758047618652","-1"
"1805","https://ddmcht.ddm.org.tw/DdmMsgWeb/DdmMsgMore.aspx?qy=0,0,0,,2020/11/03,2021/02/03,0000011,more","-1"
"1806","https://ddmcht.ddm.org.tw/DdmMsgWeb/DdmMsgMore.aspx?qy=0,0,0,,2020/11/03,2021/02/03,0000010,more","-1"
"1807","https://www.ddm.org.tw/","-1"
"1808","https://ddmcht.ddm.org.tw/DdmMsgWeb/DdmMsgMore.aspx?qy=0,0,0,,2020/11/03,2021/02/03,000002,more","-1"
"1809","https://www.ddm.org.tw/xchome?xsmsid=0K333795840871701512","-1"
"1810","https://www.ddm.org.tw/xmnews?xsmsid=0K297430914032222778","-1"
"1811","https://ddmcht.ddm.org.tw/DdmMsgWeb/DdmMsgMore.aspx?qy=0,0,0,,2020/11/03,2021/02/03,000008,more","-1"
"1812","https://web.ddm.org.tw/?aspxerrorpath=/main/page_view.aspx","-1"
"1813","https://ddmcht.ddm.org.tw/DdmMsgWeb/DdmMsgMore.aspx?qy=0,0,0,,2020/11/03,2021/02/03,000005,more","-1"
"1814","https://ddmcht.ddm.org.tw/DdmMsgWeb/DdmMsgMore.aspx?qy=0,0,0,,2020/11/03,2021/02/03,000006,more","-1"
"1815","https://ddmcht.ddm.org.tw/DdmMsgWeb/DdmMsgMore.aspx?qy=0,0,0,,2020/11/03,2021/02/03,000004,more","-1"
"1816","https://ddmcht.ddm.org.tw/DdmMsgWeb/DdmMsgMore.aspx?qy=0,0,0,,2020/11/03,2021/02/03,000001,more","-1"
"1817","https://ddmcht.ddm.org.tw/DdmMsgWeb/DdmMsgMore.aspx?qy=0,0,0,,2020/11/03,2021/02/03,000009,more","-1"
"1818","https://www.ncu.edu.tw/campus/news","-1"
"1819","https://www.mocataipei.org.tw/tw/ExhibitionAndEvent/Exhibitions","-1"
"1820","https://www.mocataipei.org.tw/tw/ExhibitionAndEvent/Events","-1"
"1821","https://www.mocataipei.org.tw/tw/ExhibitionAndEvent/Events/History","-1"
"1822","https://www.mocataipei.org.tw/tw/ExhibitionAndEvent/Events/New%20Events","-1"
"1823","https://www.ncl.edu.tw/informationlist_237.html","-1"
"1824","https://www.ncl.edu.tw/activityhistorylist_238_32_1.html","-1"
"1825","https://www.ncl.edu.tw/informationlist_239.html","-1"
"1826","https://www.ncl.edu.tw/activityhistorylist_238_36_1.html","-1"
"1827","https://www.nmh.gov.tw/informationlists_74.html","-1"
"1828","https://www.nmh.gov.tw/activitysoonlist_68.html?isexp=1","-1"
"1829","https://www.nmh.gov.tw/activitysoonlist1_71.html?isexp=3","-1"
"1830","https://www.nmh.gov.tw/informationlist_207.html","-1"
"1831","https://www.nmh.gov.tw/informationlist_75.html?isdate=1","-1"
"1832","https://www.nmh.gov.tw/activitysoonlist1_72.html?isexp=1","-1"
"1833","https://www.nmtl.gov.tw/activitysoonlist_130.html","-1"
"1834","https://www.nmtl.gov.tw/activitysoonlist_198.html","-1"
"1835","https://www.nmtl.gov.tw/informationlist2_196.html","-1"
"1836","https://www.nmtl.gov.tw/informationlist_118_418_1.html","-1"
"1837","https://www.nmtl.gov.tw/informationlist_118_421_1.html","-1"
"1838","https://www.nmtl.gov.tw/informationlist_118.html","-1"
"1839","https://www.nmtl.gov.tw/activitysoonlist_190.html","-1"
"1840","https://event.culture.tw/NMTL/portal/Registration/C0108MAction","-1"
"1841","https://event.culture.tw/NTSO/portal/Registration/C0108MAction.action?queryBean.actKind=A00","-1"
"1842","https://www.nmtl.gov.tw/informationlist_118_420_1.html","-1"
"1843","https://event.culture.tw/NMTL/portal/Registration/C0107MAction","-1"
"1844","https://www.nmtl.gov.tw/searchall.html?q=%E6%B4%BB%E5%8B%95","-1"
"1845","https://event.culture.tw/NMTL/portal/Registration/C0102MAction","-1"
"1846","https://www.nmth.gov.tw/searchall?q=%E5%B1%95%E8%A6%BD","-1"
"1847","https://www.nmtl.gov.tw/searchall.html?q=%E5%B1%95%E8%A6%BD","-1"
"1848","https://www.nmth.gov.tw/index?aspxerrorpath=/activityreglist_50.html#slidePage2","-1"
"1849","https://www.nmth.gov.tw/searchall?q=%E6%B4%BB%E5%8B%95","-1"
"1850","https://www.nmth.gov.tw/activitysoonlist?uid=129","-1"
"1851","https://www.nmth.gov.tw/index?aspxerrorpath=/activityreglist_51.html#slidePage2","-1"
"1852","https://www.nmth.gov.tw/index?aspxerrorpath=/exhibitionlist_236.html#slidePage2","-1"
"1853","https://event.culture.tw/NTCRI/portal/Registration/C0107MAction","-1"
"1854","https://www.ntcri.gov.tw/informationlist_186.html","-1"
"1855","https://event.culture.tw/NTCRI/portal/Registration/C0102MAction","-1"
"1856","https://www.ntcri.gov.tw/exhibitionlist_162.html","-1"
"1857","https://www.ntcri.gov.tw/","-1"
"1858","https://event.culture.tw/NTCRI/portal/Registration/C0108MAction","-1"
"1859","https://www.ntcri.gov.tw/activitysoonlist_131.html","-1"
"1860","https://event.culture.tw/NTCRI/portal/Registration/C0101MAction","-1"
"1861","https://event.culture.tw/NTCRI/portal/Registration/C0108MAction.action?queryBean.actKind=101","-1"
"1862","https://www.ntcri.gov.tw/activitysoonlist_132.html","-1"
"1863","https://event.culture.tw/NTSO/portal/Registration/C0108MAction","-1"
"1864","https://event.culture.tw/NTSO/portal/Registration/C0107MAction","-1"
"1865","https://event.culture.tw/NTSO/portal/Registration/C0102MAction","-1"
"1866","https://tps.forest.gov.tw/TPSWeb/wSite/lp?ctNode=237&mp=1&idPath=215_217_237","-1"
"1867","https://www.ntso.gov.tw/informationlist?typeid=229&uid=22","-1"
"1868","https://www.ntso.gov.tw/informationlist?uid=22","-1"
"1869","https://www.ntso.gov.tw/activitysoons?uid=201&ispay=1","-1"
"1870","https://www.ntso.gov.tw/activitysoonlist?uid=204","-1"
"1871","https://event.culture.tw/NTSO/portal/Registration/C0108MAction.action?queryBean.actKind=D01","-1"
"1872","https://event.culture.tw/NTSO/portal/Registration/C0102MAction?queryBean.actKind=A01","-1"
"1873","https://www.ntso.gov.tw/informationlist?uid=22&typeid=229","-1"
"1874","https://www.ntmofa.gov.tw/links_1208.html","-1"
"1875","https://www.ntmofa.gov.tw/informationlist_1078.html","-1"
"1876","https://event.culture.tw/NTMOFA","-1"
"1877","https://www.ntmofa.gov.tw/informationlist_1057.html","-1"
"1878","https://www.ntmofa.gov.tw/informationlist_1194.html","-1"
"1879","https://www.ntmofa.gov.tw/calendar_1024.html","-1"
"1880","https://event.culture.tw/NTMOFA/portal/Registration/C0102MAction?queryBean.actKind=100","-1"
"1881","https://www.ntmofa.gov.tw/activitysoonlist_1054.html","-1"
"1882","https://event.culture.tw/NTMOFA/portal/Registration/C0108MAction?queryBean.actKind=100","-1"
"1883","https://www.ntmofa.gov.tw/activitysoonlist_1056.html","-1"
"1884","https://www.ntmofa.gov.tw/activitysoonlist_1053.html","-1"
"1885","https://www.ntmofa.gov.tw/activitysoonlist_1055.html","-1"
"1886","https://event.culture.tw/NTMOFA/portal/Registration/C0107MAction","-1"
"1887","https://www.pcsr.com.tw/ptsr/sropsp-lectures","-1"
"1888","https://www.pcsr.com.tw/ptsr/sropsp","-1"
"1889","https://www.pcsr.com.tw/","-1"
"1890","https://www.pu.edu.tw/p/422-1000-1003.php?Lang=zh-tw","-1"
"1891","https://www.pu.edu.tw/p/422-1000-1005.php?Lang=zh-tw","-1"
"1892","https://www.pu.edu.tw/p/422-1000-1011.php?Lang=zh-tw","-1"
"1893","https://osaea.pu.edu.tw/p/403-1064-662.php?Lang=zh-tw/","-1"
"1894","http://activity.pu.edu.tw/main.php","-1"
"1895","https://osachc.pu.edu.tw/p/412-1067-1765.php?Lang=zh-tw","-1"
"1896","https://www.rectp.org/search/label/lectures","-1"
"1897","https://www.sow.org.tw/event/search?title=&suo_shu_fen_hui_37=All&event_type=All&is_monetary=All","-1"
"1898","https://www.sow.org.tw/event/search?event_type=All&is_monetary=All&suo_shu_fen_hui_37=All&title=","-1"
"1899","https://www.superace-sport.com/article/special","-1"
"1900","https://www.superace-sport.com/superace","-1"
"1901","https://www.orchina.net/events?dt=2021-03-16","-1"
"1902","https://www.orchina.net/events?dt=2021-03-05","-1"
"1903","https://www.orchina.net/events?dt=2021-03-24","-1"
"1904","https://www.orchina.net/events?dt=2021-03-12","-1"
"1905","https://www.orchina.net/events?dt=2021-03-08","-1"
"1906","https://www.orchina.net/events?dt=2021-03-25","-1"
"1907","https://www.orchina.net/events?dt=2021-03-10","-1"
"1908","https://www.orchina.net/events?dt=2021-03-07","-1"
"1909","https://www.orchina.net/events?dt=2021-03-26","-1"
"1910","https://www.orchina.net/events?dt=2021-03-21","-1"
"1911","https://www.orchina.net/events?dt=2021-03-20","-1"
"1912","https://www.orchina.net/events?dt=2021-03-14","-1"
"1913","https://www.orchina.net/events?dt=2021-03-23","-1"
"1914","https://www.orchina.net/events?dt=2021-03-30","-1"
"1915","https://www.orchina.net/events?dt=2021-03-17","-1"
"1916","https://www.orchina.net/events?dt=2021-02-28","-1"
"1917","https://www.orchina.net/events?dt=2021-03-28","-1"
"1918","https://www.orchina.net/events?dt=2021-03-02","-1"
"1919","https://www.orchina.net/events?dt=2021-03-15","-1"
"1920","https://www.orchina.net/events?dt=2021-03-09","-1"
"1921","https://www.orchina.net/events?dt=2021-03-31","-1"
"1922","https://www.orchina.net/events?dt=2021-03-19","-1"
"1923","https://www.orchina.net/events?dt=2021-03-27","-1"
"1924","https://www.orchina.net/events?dt=2021-03-03","-1"
"1925","https://www.orchina.net/events?dt=2021-03-06","-1"
"1926","https://www.orchina.net/events?dt=2021-02-25","-1"
"1927","https://www.orchina.net/events?dt=2021-03-01","-1"
"1928","https://www.orchina.net/events?dt=2021-03-13","-1"
"1929","https://www.orchina.net/events?dt=2021-03-29","-1"
"1930","https://www.orchina.net/events?dt=2021-03-04","-1"
"1931","https://www.orchina.net/events?dt=2021-03-22","-1"
"1932","https://www.orchina.net/events?dt=2021-03-11","-1"
"1933","https://www.orchina.net/events?dt=2021-03-18","-1"
"1934","https://www.tavah.net/seminar","-1"
"1935","https://www.tavah.net/seminar/category/all","-1"
"1936","https://www.tibe.org.tw/tw/show/37/71","-1"
"1937","https://www.tibe.org.tw/tw/news/","-1"
"1938","https://www.tibe.org.tw/tw/news/4","-1"
"1939","https://www.tibe.org.tw/tw/show/14/20","-1"
"1940","https://www.tibe.org.tw/tw/show/14/17","-1"
"1941","https://www.tibe.org.tw/tw/show/14/18","-1"
"1942","https://www.tibe.org.tw/tw/show/14/19","-1"
"1943","https://www.tibe.org.tw/tw/show/37/72","-1"
"1944","https://www.tibe.org.tw/tw/news/7","-1"
"1945","https://www.ntl.edu.tw/sp.asp?mp=1&thisday=2020/11/28&xdurl=MP1AP_RWD/ActionMsgList.asp","-1"
"1946","https://www.ntl.edu.tw/lp.asp?BaseDSD=57&CtUnit=109&ctNode=1672&mp=1","-1"
"1947","https://www.ntl.edu.tw/sp.asp?mp=1&thisday=2020/11/05&xdurl=MP1AP_RWD/ActionMsgList.asp","-1"
"1948","https://www.ntl.edu.tw/sp.asp?mp=1&thisday=2020/11/15&xdurl=MP1AP_RWD/ActionMsgList.asp","-1"
"1949","https://www.ntl.edu.tw/sp.asp?mp=1&thisday=2020/11/06&xdurl=MP1AP_RWD/ActionMsgList.asp","-1"
"1950","https://www.ntl.edu.tw/lp.asp?CtNode=1676&CtUnit=114&BaseDSD=57&mp=1","-1"
"1951","https://www.ntl.edu.tw/sp.asp?mp=1&thisday=2020/11/08&xdurl=MP1AP_RWD/ActionMsgList.asp","-1"
"1952","https://www.ntl.edu.tw/sp.asp?mp=1&thisday=2020/11/10&xdurl=MP1AP_RWD/ActionMsgList.asp","-1"
"1953","https://www.ntl.edu.tw/lp.asp?ctNode=1672&CtUnit=109&BaseDSD=57&mp=1/","-1"
"1954","https://www.ntl.edu.tw/lp.asp?CtNode=1674&CtUnit=482&BaseDSD=59&mp=1","-1"
"1955","https://www.ntl.edu.tw/sp.asp?mp=1&thisday=2020/11/29&xdurl=MP1AP_RWD/ActionMsgList.asp","-1"
"1956","https://www.ntl.edu.tw/sp.asp?mp=1&thisday=2020/11/11&xdurl=MP1AP_RWD/ActionMsgList.asp","-1"
"1957","https://www.ntl.edu.tw/sp.asp?mp=1&thisday=2020/11/09&xdurl=MP1AP_RWD/ActionMsgList.asp","-1"
"1958","https://www.ntl.edu.tw/lp.asp?CtNode=1672&CtUnit=109&BaseDSD=57&mp=1","-1"
"1959","https://www.ntl.edu.tw/lp.asp?CtNode=1677&CtUnit=115&BaseDSD=57&mp=1","-1"
"1960","https://www.ntl.edu.tw/lp.asp?CtNode=2259&CtUnit=109&BaseDSD=57&mp=1","-1"
"1961","https://www.ntl.edu.tw/sp.asp?mp=1&thisday=2020/11/17&xdurl=MP1AP_RWD/ActionMsgList.asp","-1"
"1962","https://www.ntl.edu.tw/lp.asp?CtNode=1861&CtUnit=881&BaseDSD=57&mp=1","-1"
"1963","https://www.ntl.edu.tw/sp.asp?mp=1&thisday=2020/11/14&xdurl=MP1AP_RWD/ActionMsgList.asp","-1"
"1964","https://www.ntl.edu.tw/sp.asp?mp=1&thisday=2020/11/04&xdurl=MP1AP_RWD/ActionMsgList.asp","-1"
"1965","https://www.ntl.edu.tw/sp.asp?mp=1&thisday=2020/11/25&xdurl=MP1AP_RWD/ActionMsgList.asp","-1"
"1966","https://www.ntl.edu.tw/sp.asp?ctNode=1664&mp=1&xdurl=MP1AP_RWD/newslist.asp","-1"
"1967","https://www.ntl.edu.tw/lp.asp?CtNode=1664&CtUnit=99&BaseDSD=7&mp=1","-1"
"1968","https://www.ntl.edu.tw/sp.asp?mp=1&thisday=2020/11/12&xdurl=MP1AP_RWD/ActionMsgList.asp","-1"
"1969","https://www.ntl.edu.tw/sp.asp?mp=1&thisday=2020/11/02&xdurl=MP1AP_RWD/ActionMsgList.asp","-1"
"1970","https://www.ntl.edu.tw/sp.asp?mp=1&thisday=2020/11/19&xdurl=MP1AP_RWD/ActionMsgList.asp","-1"
"1971","https://www.ntl.edu.tw/sp.asp?mp=1&thisday=2020/11/07&xdurl=MP1AP_RWD/ActionMsgList.asp","-1"
"1972","https://www.ntl.edu.tw/np.asp?ctNode=1672&CtUnit=109&BaseDSD=57&mp=1/","-1"
"1973","https://www.ntl.edu.tw/sp.asp?mp=1&thisday=2020/11/18&xdurl=MP1AP_RWD/ActionMsgList.asp","-1"
"1974","https://www.ntl.edu.tw/sp.asp?mp=1&thisday=2020/11/23&xdurl=MP1AP_RWD/ActionMsgList.asp","-1"
"1975","https://www.ntl.edu.tw/sp.asp?mp=1&thisday=2020/11/24&xdurl=MP1AP_RWD/ActionMsgList.asp","-1"
"1976","https://www.ntl.edu.tw/sp.asp?mp=1&thisday=2020/11/13&xdurl=MP1AP_RWD/ActionMsgList.asp","-1"
"1977","https://www.ntl.edu.tw/sp.asp?xdurl=MP1AP_RWD/month_action.asp&mp=1&ctNode=1891","-1"
"1978","https://www.ntl.edu.tw/sp.asp?mp=1&thisday=2020/11/26&xdurl=MP1AP_RWD/ActionMsgList.asp","-1"
"1979","https://www.ntl.edu.tw/sp.asp?mp=1&thisday=2020/11/30&xdurl=MP1AP_RWD/ActionMsgList.asp","-1"
"1980","https://www.ntl.edu.tw/sp.asp?mp=1&thisday=2020/11/22&xdurl=MP1AP_RWD/ActionMsgList.asp","-1"
"1981","https://www.ntl.edu.tw/sp.asp?mp=1&thisday=2020/11/01&xdurl=MP1AP_RWD/ActionMsgList.asp","-1"
"1982","https://www.ntl.edu.tw/sp.asp?mp=1&thisday=2020/11/20&xdurl=MP1AP_RWD/ActionMsgList.asp","-1"
"1983","https://www.ntl.edu.tw/sp.asp?mp=1&thisday=2021/02/06&xdurl=MP1AP_RWD/ActionMsgList.asp","-1"
"1984","https://www.ntl.edu.tw/sp.asp?xdurl=onlinesign_RWD/onlinesign.asp&mp=1","-1"
"1985","https://www.ntl.edu.tw/sp.asp?mp=1&xdurl=onlinesign_RWD/onlinesign.asp","-1"
"1986","https://www.ntl.edu.tw/sp.asp?mp=1&thisday=2020/11/27&xdurl=MP1AP_RWD/ActionMsgList.asp","-1"
"1987","https://www.ntl.edu.tw/sp.asp?mp=1&thisday=2020/11/21&xdurl=MP1AP_RWD/ActionMsgList.asp","-1"
"1988","https://www.ntl.edu.tw/sp.asp?mp=1&thisday=2020/11/03&xdurl=MP1AP_RWD/ActionMsgList.asp","-1"
"1989","https://www.ntl.edu.tw/sp.asp?mp=1&thisday=2020/11/16&xdurl=MP1AP_RWD/ActionMsgList.asp","-1"
"1990","https://www.ntl.edu.tw/lp.asp?CtNode=1673&CtUnit=110&BaseDSD=59&mp=1","-1"
"1991","https://www.ttcsec.gov.tw/activitysoonlist?uid=970","-1"
"1992","https://event.culture.tw/TTCSEC/portal/Registration/C0101MAction","-1"
"1993","https://www.ttcsec.gov.tw/activitysoonlist?uid=579","-1"
"1994","https://event.culture.tw/TTCSEC/portal/Registration/C0108MAction","-1"
"1995","https://event.culture.tw/TTCSEC/portal/Registration/C0102MAction","-1"
"1996","https://event.culture.tw/TTCSEC/portal/Registration/C0102MAction?uid=593","-1"
"1997","https://www.tys.org.tw/fycm/article_cate_list.asp?article_cate_id=2&article_sub_cate=%E6%B3%95%E6%9C%83","-1"
"1998","https://www.tys.org.tw/fycm/article_cate_list.asp?article_cate_id=2&article_sub_cate=%E4%BD%9B%E5%AD%B8%E8%AA%B2%E7%A8%8B","-1"
"1999","https://www.tys.org.tw/fycm/article_cate_list.asp?article_cate_id=2","-1"
"2000","https://www.ukeas.com/events/","-1"
"2001","https://www.tam.gov.taipei/News.aspx?n=E297CECA2C39F78D&sms=9D72E82EC16F3E64","-1"
"2002","https://www.tam.gov.taipei/News.aspx?n=794B17A953424610&sms=9D72E82EC16F3E64","-1"
"2003","https://www.tam.gov.taipei/#Group_1490212_mnnrmhFcI7/","-1"
"2004","https://www.tam.gov.taipei/News.aspx?n=49854D6439EC40C0&sms=72544237BBE4C5F6","-1"
"2005","https://www.tam.gov.taipei/News.aspx?n=BE35D844943F82E6&sms=78D644F2755ACCAA","-1"
"2006","https://www.travel.taipei/zh-tw/news?page=1","-1"
"2007","https://www.travel.taipei/zh-tw/news?category=%E6%B4%BB%E5%8B%95%E5%8F%8A%E6%99%AF%E9%BB%9E%E7%95%B0%E5%8B%95%E8%A8%8A%E6%81%AF&page=1","-1"
"2008","https://www.travel.taipei/zh-tw/activity","-1"
"2009","https://www.travel.taipei/zh-tw/event-calendar/2021","-1"
"2010","https://www.travel.taipei/zh-tw/news/e2017.07.14?page=1","-1"
"2011","https://www.travel.taipei/zh-tw/activity?page=1","-1"
"2012","https://www.travel.taipei/zh-tw/news/","-1"
"2013","https://www.travel.taipei/zh-tw/activity?sortby=recently","-1"
"2014","https://www.travel.taipei/zh-tw/news/2017.05.01/","-1"
"2015","https://www.travel.taipei/zh-tw/news/2016.10.10?page=1","-1"
"2016","https://www.travel.taipei/zh-tw/news/2017.05.01?page=1/","-1"
"2017","https://www.travel.taipei/zh-tw/must-visit/major-event","-1"
"2018","https://xinforum.xinmedia.com/","-1"
"2019","https://xinforum.xinmedia.com/collection.aspx?classid=208","-1"
"2020","https://xinforum.xinmedia.com/index.aspx","-1"
"2021","https://xinforum.xinmedia.com/collection.aspx?classid=196","-1"
"2022","https://xinforum.xinmedia.com/collection.aspx?classmid=19","-1"
"2023","https://xinforum.xinmedia.com/collection.aspx?classmid=1","-1"
"2024","https://xinforum.xinmedia.com/collection.aspx?classmid=10","-1"
"2025","https://xinforum.xinmedia.com/collection.aspx?classid=161","-1"
"2026","https://xinforum.xinmedia.com/collection.aspx?classid=222","-1"
"2027","https://xinforum.xinmedia.com/collection.aspx?classmid=2","-1"
"2028","https://blog.xinmedia.com/exhibit","-1"
"2029","https://xinforum.xinmedia.com/alllecture.aspx","-1"
"2030","https://xinforum.xinmedia.com/collection.aspx?classid=219","-1"
"2031","https://ys.tcnr.gov.tw/activity.php?id=2","-1"
"2032","https://ys.tcnr.gov.tw/news.php?id=4","-1"
"2033","https://ys.tcnr.gov.tw/activity_all.php","-1"
"2034","https://ys.tcnr.gov.tw/news.php?id=2","-1"
"2035","https://ys.tcnr.gov.tw/activity.php?id=1","-1"
"2036","https://www.vghks.gov.tw/News.aspx?n=5C1C39706402982E&sms=C5B71E23EEC92FCF","-1"
"2037","https://youth.tycg.gov.tw/home.jsp?id=10507&parentpath=0,10415,10504","-1"
"2038","https://youth.tycg.gov.tw/home.jsp?id=10507&parentpath=0,10415,10505","-1"
"2039","https://youth.tycg.gov.tw/home.jsp?id=10428&parentpath=0,10410","-1"
"2040","https://youth.tycg.gov.tw/home.jsp?id=10426&parentpath=0,10410","-1"
"2041","https://youth.tycg.gov.tw/home.jsp?id=10426&parentpath=0,10411","-1"
"2042","https://youth.tycg.gov.tw/home.jsp?id=10429&parentpath=0,10410","-1"
"2043","https://youth.tycg.gov.tw/home.jsp?id=10410&parentpath=","-1"
"2044","https://youth.tycg.gov.tw/home.jsp?id=10410&parentpath=0","-1"
"2045","https://www.sce.pccu.edu.tw/search_list.aspx?s=2021-03-06&e=2021-04-05/","-1"
"2046","https://www.sce.pccu.edu.tw/class_list.aspx?cataid=1806","-1"
"2047","https://www.sce.pccu.edu.tw/freetalk.aspx?sitem=startTime&stype=asc","-1"
"2048","https://www.sce.pccu.edu.tw/class_list.aspx?cataid=0200","-1"
"2049","https://www.sce.pccu.edu.tw/search_list.aspx?e=2021-03-30&s=2021-02-28","-1"
"2050","https://www.sce.pccu.edu.tw/class_list.aspx?cataid=0702","-1"
"2051","https://www.sce.pccu.edu.tw/search_list.aspx?e=2021-04-05&s=2021-03-06/","-1"
"2052","https://www.sce.pccu.edu.tw/class_list.aspx?cataid=1806#","-1"
"2053","https://www.sce.pccu.edu.tw/search_list.aspx?key=%E6%8A%95%E8%B3%87","-1"
"2054","https://www.sce.pccu.edu.tw/search_list.aspx?key=%E8%B3%87%E8%A8%8A","-1"
"2055","https://www.sce.pccu.edu.tw/class_list.aspx?cataid=1800","-1"
"2056","https://www.sce.pccu.edu.tw/class_list.aspx?cataid=1100","-1"
"2057","https://www.sce.pccu.edu.tw/class_list.aspx?cataid=0100","-1"
"2058","https://www.sce.pccu.edu.tw/search_list.aspx?key=%E5%85%8D%E8%B2%BB%E8%AC%9B%E5%BA%A7","-1"
"2059","https://www.sce.pccu.edu.tw/class_list.aspx?cataid=1004","-1"
"2060","https://www.sce.pccu.edu.tw/class_list.aspx?cataid=0606","-1"
"2061","https://www.sce.pccu.edu.tw/class_list.aspx?cataid=1105","-1"
"2062","https://www.sce.pccu.edu.tw/freetalk.aspx/","-1"
"2063","https://www.gov.taipei/ActivityTheme3.aspx?n=B1167F83E1FE0CD9&sms=9D72E82EC16F3E64","-1"
"2064","https://www.gov.taipei/News_Services.aspx?n=21B398F2BE2963F6&sms=F42E65234BA456F9","-1"
"2065","https://www.gov.taipei/News.aspx?n=D0042A87C2F0270A&sms=78D644F2755ACCAA","-1"
"2066","https://www.gov.taipei/News.aspx?n=A206706C0C9100F0&sms=C309AE43AAC47EBA","-1"
"2067","http://bambooculture.com/news2015","-1"
"2068","http://kfa.kcg.gov.tw/news/film","-1"
"2069","http://kfa.kcg.gov.tw/movie/lecture","-1"
"2070","http://kfa.kcg.gov.tw/news/announcement","-1"
"2071","http://kfa.kcg.gov.tw/news/activity","-1"
"2072","http://kfa.kcg.gov.tw/news/hall","-1"
"2073","http://nfu.buyersline.com.tw/news.php","-1"
"2074","http://nfu.buyersline.com.tw/classes.php","-1"
"2075","http://ewda.tw/modules/tadnews/","-1"
"2076","http://ewda.tw/modules/tadnews/index.php?ncsn=1","-1"
"2077","http://ewda.tw/modules/tadnews/index.php?ncsn=3","-1"
"2078","http://ewda.tw/modules/ewda_action/","-1"
"2079","http://tpecitygod.org/hot-news.html","-1"
"2080","http://investmentcommunity16888.blogspot.com/search/label/%E6%8A%95%E8%B3%87%E8%AC%9B%E5%BA%A7?max-results=10","-1"
"2081","http://investmentcommunity16888.blogspot.com/search/label/%E6%9C%80%E6%96%B0%E8%AA%B2%E7%A8%8B%E8%B3%87%E8%A8%8A?max-results=10","-1"
"2082","http://techpromot.ccu.edu.tw/news/showNewsList/6","-1"
"2083","http://techpromot.ccu.edu.tw/event/showEventList/","-1"
"2084","http://techpromot.ccu.edu.tw/news/showNewsList/5","-1"
"2085","http://cpmat.org.tw/?p=6871","-1"
"2086","http://cpmat.org.tw/?cat=21","-1"
"2087","http://cpmat.org.tw/?p=5856","-1"
"2088","http://cpmat.org.tw/?cat=20","-1"
"2089","http://cpmat.org.tw/?cat=1","-1"
"2090","http://cpmat.org.tw/?p=5518","-1"
"2091","http://www.asiaartcenter.org/asia/%E5%B1%95%E8%A6%BD2020/","-1"
"2092","http://www.aheritage.tw/2363735261.html","-1"
"2093","http://www.aheritage.tw/27511214902223839015.html","-1"
"2094","http://www.comedy.com.tw/page/2/","-1"
"2095","http://www.cityyeast.com/passion3_list.php?passion3type_id2=102","-1"
"2096","http://www.cityyeast.com/passion3_list.php?passion3type_id2=34","-1"
"2097","http://www.cityyeast.com/passion3_list.php?passion3type_id2=101","-1"
"2098","http://www.cityyeast.com/passion3_list.php?passion3type_id2=104","-1"
"2099","https://www.dadun.culture.taichung.gov.tw/TCDCCFrontend/Exhibition/Active","-1"
"2100","https://www.dadun.culture.taichung.gov.tw/ConvenientService/EventRegistration/","-1"
"2101","http://www.eagletek.com.tw/news.php","-1"
"2102","http://www.eagletek.com.tw/news.php?cat=1","-1"
"2103","http://www.eagletek.com.tw/news.php?cat=2","-1"
"2104","http://www.ice.net.tw/ice_class.php#","-1"
"2105","http://www.ice.net.tw/ice_class_hot.php/","-1"
"2106","http://www.ice.net.tw/ice_class_push.php/","-1"
"2107","http://www.chi-nanchurch.tw/bulletin/board/","-1"
"2108","http://www.chi-nanchurch.tw/bulletin","-1"
"2109","http://www.chi-nanchurch.tw/bulletin/christian","-1"
"2110","http://www.gston.com.tw/product.php?main=74","-1"
"2111","http://www.gston.com.tw/product.php?main=73","-1"
"2112","http://www.gston.com.tw/news.php/","-1"
"2113","http://ice.net.tw/news.php","-1"
"2114","http://www.guandu-natureart.tw/news","-1"
"2115","http://www.psygarden.com.tw/news.php?func=class","-1"
"2116","http://www.psygarden.com.tw/news.php?func=class,Content","-1"
"2117","http://www.psy.ntu.edu.tw/index.php/activity/student-association","-1"
"2118","http://www.wfcn.org.tw/List.aspx?tid=6","-1"
"2119","http://www.wfcn.org.tw/Activity.aspx?id=113","-1"
"2120","http://www.mm007life.com/page/news/index.aspx?kind=82&root=20","-1"
"2121","http://www.mm007life.com/page/news/index.aspx?kind=20","-1"
"2122","http://www.mm007life.com/page/news/index.aspx?kind=63&root=20","-1"
"2123","http://www.mm007life.com/page/news/index.aspx?kind=84&root=20","-1"
"2124","http://www.mm007life.com/page/news/index.aspx?ROOT=20","-1"
"2125","http://www.mm007life.com/page/news/index.aspx?kind=64&root=20","-1"
"2126","http://www.mm007life.com/page/news/index.aspx?kind=62&root=20","-1"
"2127","http://www.mm007life.com/page/news/index.aspx?kind=80&root=20","-1"
"2128","http://www.mm007life.com/page/news/index.aspx?kind=81&root=20","-1"
"2129","http://www.mm007life.com/page/news/index.aspx?kind=61&root=20","-1"
"2130","https://1289084.kktix.cc/","-1"
"2131","http://www.wsa.com.tw/summary.php","-1"
"2132","http://www.wsa.com.tw/programinfo.php?pt_index=1","-1"
"2133","http://www.wsa.com.tw/programinfo.php?pt_index=4","-1"
"2134","http://www.wsa.com.tw/programinfo.php?pt_index=3","-1"
"2135","http://www.wsa.com.tw/programinfo.php?pt_index=2","-1"
"2136","http://www.wsa.com.tw/programinfo2.php?pt_index=5","-1"
"2137","https://community.decathlon.tw/en/activities?lat=23.786345&long=120.993884&distance=300&startDate=2020-11-03&page=1","-1"
"2138","https://community.decathlon.tw/activities?lat=23.786345&long=120.993884&distance=300&startDate=2020-11-30&page=1","-1"
"2139","http://activity.tipo.gov.tw/lp.asp?BaseDSD=55&CtNode=817&CtUnit=169&mp=1&nowPage=10&pagesize=10","-1"
"2140","http://activity.tipo.gov.tw/lp.asp?BaseDSD=55&CtNode=817&CtUnit=169&mp=1&nowPage=4&pagesize=10","-1"
"2141","http://activity.tipo.gov.tw/lp.asp?BaseDSD=55&CtNode=817&CtUnit=169&mp=1&nowPage=8&pagesize=10","-1"
"2142","http://activity.tipo.gov.tw/lp.asp?BaseDSD=55&CtNode=817&CtUnit=169&mp=1&nowPage=2&pagesize=10","-1"
"2143","http://activity.tipo.gov.tw/lp.asp?BaseDSD=55&CtNode=817&CtUnit=169&mp=1&nowPage=9&pagesize=10","-1"
"2144","http://activity.tipo.gov.tw/lp.asp?BaseDSD=55&CtNode=817&CtUnit=169&mp=1&nowPage=11&pagesize=10","-1"
"2145","http://activity.tipo.gov.tw/lp.asp?BaseDSD=55&CtNode=817&CtUnit=169&mp=1&nowPage=68&pagesize=10","-1"
"2146","http://activity.tipo.gov.tw/lp.asp?BaseDSD=55&CtNode=817&CtUnit=169&mp=1&nowPage=7&pagesize=10","-1"
"2147","http://activity.tipo.gov.tw/lp.asp?BaseDSD=55&CtNode=817&CtUnit=169&mp=1&nowPage=1&pagesize=10","-1"
"2148","http://activity.tipo.gov.tw/lp.asp?BaseDSD=55&CtNode=817&CtUnit=169&mp=1&nowPage=5&pagesize=10","-1"
"2149","http://activity.tipo.gov.tw/lp.asp?BaseDSD=55&CtNode=817&CtUnit=169&mp=1&nowPage=3&pagesize=10","-1"
"2150","http://activity.tipo.gov.tw/lp.asp?BaseDSD=55&CtNode=817&CtUnit=169&mp=1&nowPage=6&pagesize=10","-1"
"2151","https://culture.skm.com.tw/home/cNews","-1"
"2152","https://cheng-sing.com/productHot","-1"
"2153","https://culture.tainan.gov.tw/error.html?aspxerrorpath=/active/index.php","-1"
"2154","https://culture.tainan.gov.tw/error.html?aspxerrorpath=/act_month/index.php","-1"
"2155","https://culture.tainan.gov.tw/error.html?aspxerrorpath=/album/index.php","-1"
"2156","https://culture.tainan.gov.tw/error.html?aspxerrorpath=/registration/index.php","-1"
"2157","https://culture.tainan.gov.tw/error.html?aspxerrorpath=/news/index.php","-1"
"2158","http://chccp.e-land.gov.tw/1107-1108/","-1"
"2159","http://chccp.e-land.gov.tw/%E6%AD%B7%E5%8F%B2%E5%9B%9E%E9%A1%A7/","-1"
"2160","http://chccp.e-land.gov.tw/category/%E6%96%B0%E8%81%9E%E8%A8%8A%E6%81%AF/","-1"
"2161","https://dac.tw/exhibitions/","-1"
"2162","https://dac.tw/%20https:/dac.tw/cmoa/vol-6/","-1"
"2163","https://dac.tw/past-event/","-1"
"2164","http://www.urcda.org.tw/study.html?getId=2","-1"
"2165","http://www.urcda.org.tw/study.html?getId=1","-1"
"2166","http://www.urcda.org.tw/study.html","-1"
"2167","http://www.urcda.org.tw/news.html","-1"
"2168","http://www.urcda.org.tw/news.html?getId=2","-1"
"2169","http://www.urcda.org.tw/news.html?getId=5","-1"
"2170","https://eball.tw/link","-1"
"2171","http://online.ktli.org.tw/history.php","-1"
"2172","http://artist.nccu.edu.tw/performances.html","-1"
"2173","http://artist.nccu.edu.tw/program.html","-1"
"2174","http://artist.nccu.edu.tw/films.html","-1"
"2175","http://artist.nccu.edu.tw/exhibitions.html","-1"
"2176","http://www.irun.com.tw/activity/activity-list.php?acttypesid=12","-1"
"2177","http://www.irun.com.tw/activity/activity-list.php?acttypesid=16","-1"
"2178","http://www.irun.com.tw/activity/activity-list.php?acttypesid=15","-1"
"2179","http://www.irun.com.tw/activity/activity-list.php?acttypesid=11","-1"
"2180","http://www.irun.com.tw/activity/activity-list.php?acttypesid=3","-1"
"2181","http://www.irun.com.tw/activity/activity-list.php?acttypesid=5","-1"
"2182","http://www.irun.com.tw/activity/activity-list.php?acttypesid=7","-1"
"2183","http://www.irun.com.tw/activity/activity-list.php?acttypesid=14","-1"
"2184","http://www.irun.com.tw/activity/activity-list.php?acttypesid=2","-1"
"2185","http://www.sinpink.com/exhibition.php?action=init","-1"
"2186","http://www.sinpink.com/lecture.php?action=init","-1"
"2187","http://www.majisquare.com/event_list.php?cid=1846","-1"
"2188","http://www.majisquare.com/event_list.php?cid=3310","-1"
"2189","http://www.majisquare.com/event_list.php?cid=1845","-1"
"2190","http://www.majisquare.com/blog_list.php","-1"
"2191","http://www.majisquare.com/event_list.php?cid=3703","-1"
"2192","http://www.majisquare.com/event_list.php?cid=1847","-1"
"2193","http://www.sundaytour.com.tw/zh-tw/player/lecture.php","-1"
"2194","https://dschool.ntu.edu.tw/news","-1"
"2195","https://dschool.ntu.edu.tw/activity","-1"
"2196","http://jam.jutfoundation.org.tw/past-activity","-1"
"2197","http://jam.jutfoundation.org.tw/online-exhibition","-1"
"2198","http://jam.jutfoundation.org.tw/news?page=7/","-1"
"2199","http://jam.jutfoundation.org.tw/news/","-1"
"2200","http://jam.jutfoundation.org.tw/news?page=1/","-1"
"2201","http://jam.jutfoundation.org.tw/news?page=2/","-1"
"2202","http://jam.jutfoundation.org.tw/news?page=4/","-1"
"2203","http://jam.jutfoundation.org.tw/news?page=5/","-1"
"2204","http://jam.jutfoundation.org.tw/news?page=6/","-1"
"2205","http://jam.jutfoundation.org.tw/news?page=3/","-1"
"2206","http://jam.jutfoundation.org.tw/past-exhibition","-1"
"2207","http://jam.jutfoundation.org.tw/coming-exhibition","-1"
"2208","http://taiwangca.org/news/list/3/","-1"
"2209","http://taiwangca.org/news/list/1/","-1"
"2210","https://skyline.tw/activity/explore","-1"
"2211","https://furkid.org/%E6%B4%BB%E5%8B%95/","-1"
"2212","https://furkid.org/news/","-1"
"2213","https://ddyp.ddm.org.tw/selfList.php?branch=14&type=news","-1"
"2214","https://ddyp.ddm.org.tw/selfList.php?branch=18&type=news","-1"
"2215","https://ddyp.ddm.org.tw/selfList.php?branch=80&type=news","-1"
"2216","https://ddyp.ddm.org.tw/selfList.php?branch=16&type=news","-1"
"2217","https://ddyp.ddm.org.tw/selfList.php?branch=17&type=news","-1"
"2218","https://ddyp.ddm.org.tw/selfList.php?branch=15&type=news","-1"
"2219","https://ddyp.ddm.org.tw/selfList.php?branch=53&type=news","-1"
"2220","https://ddyp.ddm.org.tw/selfList.php?branch=13&type=news","-1"
"2221","https://ddyp.ddm.org.tw/selfList.php?tag=8&type=report","-1"
"2222","https://ddyp.ddm.org.tw/selfList.php?tag=10&type=report","-1"
"2223","https://ddyp.ddm.org.tw/selfList.php?tag=9&type=report","-1"
"2224","https://ddyp.ddm.org.tw/selfList.php?branch=22&type=news","-1"
"2225","https://event.culture.tw/BOCH/portal/Registration/C0107MAction","-1"
"2226","https://www.boch.gov.tw/informationlist_166_786_1.html","-1"
"2227","https://www.boch.gov.tw/informationlist_166_1665_1.html","-1"
"2228","https://www.boch.gov.tw/informationlist_166.html","-1"
"2229","https://www.boch.gov.tw/informationlist_170_0_1.html","-1"
"2230","https://event.culture.tw/BOCH/portal/Registration/C0108MAction","-1"
"2231","https://event.culture.tw/BOCH/portal/Registration/C0102MAction","-1"
"2232","https://event.culture.tw/BOCH/","-1"
"2233","https://www.boch.gov.tw/informationlist_166_788_1.html","-1"
"2234","https://www.boch.gov.tw/informationlist_166_3701_1.html","-1"
"2235","https://www.coliving.taichung.gov.tw/news","-1"
"2236","https://www.coliving.taichung.gov.tw/event","-1"
"2237","https://play.kcg.gov.tw/News.aspx?n=8F9366625915CFE1&sms=1D5185A50CD8B5B6","-1"
"2238","https://play.kcg.gov.tw/News.aspx?n=144E30505F7C833C&sms=5F1A8975EFA243EF","-1"
"2239","https://play.kcg.gov.tw/News.aspx?n=471EE1C94B6758E4&sms=1E85FABFC01F83A8","-1"
"2240","https://play.kcg.gov.tw/News.aspx?n=FA49709A7E2F935D&sms=D34B3AFC4B960B4C","-1"
"2241","https://play.kcg.gov.tw/News.aspx?n=0980F66533D71B6E&sms=2A18F7116B537F8D","-1"
"2242","https://play.kcg.gov.tw/News.aspx?n=8FAF8313F64580C8&sms=BCC46C693AE6F4B0","-1"
"2243","https://play.kcg.gov.tw/News.aspx?n=B5B880573E91A797&sms=2AB46CF525213852","-1"
"2244","https://play.kcg.gov.tw/News.aspx?n=6690439183F0FF9B&sms=F888070F23102E60","-1"
"2245","https://thecubespace.com/project-list/2015/","-1"
"2246","https://thecubespace.com/project-list/2019/","-1"
"2247","https://thecubespace.com/project-list/2012/","-1"
"2248","https://thecubespace.com/project-list/2016/","-1"
"2249","https://thecubespace.com/project-list/2013/","-1"
"2250","https://thecubespace.com/project-list/2018/","-1"
"2251","https://thecubespace.com/project-list/2010/","-1"
"2252","https://thecubespace.com/project-list/2011/","-1"
"2253","https://thecubespace.com/project-list/2017/","-1"
"2254","https://thecubespace.com/project-list/2020/","-1"
"2255","https://thecubespace.com/category/%e8%ac%9b%e5%ba%a7/","-1"
"2256","https://thecubespace.com/project-list/2014/","-1"
"2257","https://thecubespace.com/","-1"
"2258","http://www.hondao.org.tw/news?category=%E6%9C%80%E6%96%B0%E6%B6%88%E6%81%AF&page=53","-1"
"2259","http://www.hondao.org.tw/news?category=%E6%9C%80%E6%96%B0%E6%B6%88%E6%81%AF&page=13","-1"
"2260","http://www.hondao.org.tw/news?category=%E6%9C%80%E6%96%B0%E6%B6%88%E6%81%AF&page=12","-1"
"2261","http://www.hondao.org.tw/news?category=%E6%9C%80%E6%96%B0%E6%B6%88%E6%81%AF&page=39","-1"
"2262","http://www.hondao.org.tw/news?category=%E6%9C%80%E6%96%B0%E6%B6%88%E6%81%AF&page=17","-1"
"2263","http://www.hondao.org.tw/news?category=%E6%9C%80%E6%96%B0%E6%B6%88%E6%81%AF&page=8","-1"
"2264","http://www.hondao.org.tw/news?category=%E6%9C%80%E6%96%B0%E6%B6%88%E6%81%AF&page=20","-1"
"2265","http://www.hondao.org.tw/news?category=%E6%9C%80%E6%96%B0%E6%B6%88%E6%81%AF&page=21","-1"
"2266","http://www.hondao.org.tw/news?category=%E6%9C%80%E6%96%B0%E6%B6%88%E6%81%AF&page=22","-1"
"2267","http://www.hondao.org.tw/news","-1"
"2268","http://www.hondao.org.tw/news?category=%E6%9C%80%E6%96%B0%E6%B6%88%E6%81%AF&page=9","-1"
"2269","http://www.hondao.org.tw/news?category=%E6%9C%80%E6%96%B0%E6%B6%88%E6%81%AF&page=32","-1"
"2270","http://www.hondao.org.tw/news?category=%E6%9C%80%E6%96%B0%E6%B6%88%E6%81%AF&page=35","-1"
"2271","http://www.hondao.org.tw/news?category=%E6%9C%80%E6%96%B0%E6%B6%88%E6%81%AF&page=10","-1"
"2272","http://www.hondao.org.tw/news?category=%E6%9C%80%E6%96%B0%E6%B6%88%E6%81%AF&page=5","-1"
"2273","http://www.hondao.org.tw/news?category=%E6%9C%80%E6%96%B0%E6%B6%88%E6%81%AF&page=31","-1"
"2274","http://www.hondao.org.tw/news?category=%E6%9C%80%E6%96%B0%E6%B6%88%E6%81%AF&page=49","-1"
"2275","http://www.hondao.org.tw/news?category=%E6%9C%80%E6%96%B0%E6%B6%88%E6%81%AF&page=33","-1"
"2276","http://www.hondao.org.tw/news?category=%E6%9C%80%E6%96%B0%E6%B6%88%E6%81%AF&page=34","-1"
"2277","http://www.hondao.org.tw/news?category=%E6%9C%80%E6%96%B0%E6%B6%88%E6%81%AF&page=42","-1"
"2278","http://www.hondao.org.tw/news?category=%E4%B8%80%E8%88%AC%E5%85%AC%E5%91%8A","-1"
"2279","http://www.hondao.org.tw/news?category=%E6%9C%80%E6%96%B0%E6%B6%88%E6%81%AF&page=19","-1"
"2280","http://www.hondao.org.tw/news?category=%E6%9C%80%E6%96%B0%E6%B6%88%E6%81%AF&page=45","-1"
"2281","http://www.hondao.org.tw/news?category=%E6%9C%80%E6%96%B0%E6%B6%88%E6%81%AF&page=30","-1"
"2282","http://www.hondao.org.tw/news?category=%E6%9C%80%E6%96%B0%E6%B6%88%E6%81%AF&page=23","-1"
"2283","http://www.hondao.org.tw/news?category=%E6%9C%80%E6%96%B0%E6%B6%88%E6%81%AF&page=1","-1"
"2284","http://www.hondao.org.tw/epaper","-1"
"2285","http://www.hondao.org.tw/news?category=%E6%9C%80%E6%96%B0%E6%B6%88%E6%81%AF&page=25","-1"
"2286","http://www.hondao.org.tw/news?category=%E6%9C%80%E6%96%B0%E6%B6%88%E6%81%AF&page=56","-1"
"2287","http://www.hondao.org.tw/news?category=%E6%9C%80%E6%96%B0%E6%B6%88%E6%81%AF&page=16","-1"
"2288","http://www.hondao.org.tw/news?category=%E6%9C%80%E6%96%B0%E6%B6%88%E6%81%AF&page=55","-1"
"2289","http://www.hondao.org.tw/news?category=%E6%9C%80%E6%96%B0%E6%B6%88%E6%81%AF&page=3","-1"
"2290","http://www.hondao.org.tw/news?category=%E6%9C%80%E6%96%B0%E6%B6%88%E6%81%AF&page=44","-1"
"2291","http://www.hondao.org.tw/news?category=%E6%9C%80%E6%96%B0%E6%B6%88%E6%81%AF&page=48","-1"
"2292","http://www.hondao.org.tw/news?category=%E6%9C%80%E6%96%B0%E6%B6%88%E6%81%AF&page=41","-1"
"2293","http://www.hondao.org.tw/news?category=%E6%9C%80%E6%96%B0%E6%B6%88%E6%81%AF&page=51","-1"
"2294","http://www.hondao.org.tw/news?category=%E6%9C%80%E6%96%B0%E6%B6%88%E6%81%AF&page=4","-1"
"2295","http://www.hondao.org.tw/news?category=%E6%9C%80%E6%96%B0%E6%B6%88%E6%81%AF&page=50","-1"
"2296","http://www.hondao.org.tw/news?category=%E6%9C%80%E6%96%B0%E6%B6%88%E6%81%AF&page=11","-1"
"2297","http://www.hondao.org.tw/news?category=%E6%9C%80%E6%96%B0%E6%B6%88%E6%81%AF&page=29","-1"
"2298","http://www.hondao.org.tw/news?category=%E6%9C%80%E6%96%B0%E6%B6%88%E6%81%AF&page=28","-1"
"2299","http://www.hondao.org.tw/news?category=%E6%B4%BB%E5%8B%95%E8%A8%8A%E6%81%AF","-1"
"2300","http://www.hondao.org.tw/news?category=%E6%9C%80%E6%96%B0%E6%B6%88%E6%81%AF&page=46","-1"
"2301","http://www.hondao.org.tw/news?category=%E6%9C%80%E6%96%B0%E6%B6%88%E6%81%AF&page=27","-1"
"2302","http://www.hondao.org.tw/news?category=%E6%9C%80%E6%96%B0%E6%B6%88%E6%81%AF&page=47","-1"
"2303","http://www.hondao.org.tw/news?category=%E6%9C%80%E6%96%B0%E6%B6%88%E6%81%AF&page=37","-1"
"2304","http://www.hondao.org.tw/news?category=%E6%9C%80%E6%96%B0%E6%B6%88%E6%81%AF&page=14","-1"
"2305","http://www.hondao.org.tw/news?category=%E6%9C%80%E6%96%B0%E6%B6%88%E6%81%AF&page=7","-1"
"2306","http://www.hondao.org.tw/news?category=%E6%9C%80%E6%96%B0%E6%B6%88%E6%81%AF&page=54","-1"
"2307","http://www.hondao.org.tw/news?category=%E6%9C%80%E6%96%B0%E6%B6%88%E6%81%AF&page=15","-1"
"2308","http://www.hondao.org.tw/news?category=%E6%9C%80%E6%96%B0%E6%B6%88%E6%81%AF&page=2","-1"
"2309","http://www.hondao.org.tw/news?category=%E6%9C%80%E6%96%B0%E6%B6%88%E6%81%AF&page=6","-1"
"2310","http://www.hondao.org.tw/news?category=%E6%9C%80%E6%96%B0%E6%B6%88%E6%81%AF&page=18","-1"
"2311","http://www.hondao.org.tw/news?category=%E6%9C%80%E6%96%B0%E6%B6%88%E6%81%AF&page=40","-1"
"2312","http://www.hondao.org.tw/news?category=%E6%9C%80%E6%96%B0%E6%B6%88%E6%81%AF&page=24","-1"
"2313","http://www.hondao.org.tw/news?category=%E6%9C%80%E6%96%B0%E6%B6%88%E6%81%AF&page=43","-1"
"2314","http://www.hondao.org.tw/news?category=%E6%9C%80%E6%96%B0%E6%B6%88%E6%81%AF&page=38","-1"
"2315","http://www.hondao.org.tw/news?category=%E6%9C%80%E6%96%B0%E6%B6%88%E6%81%AF&page=52","-1"
"2316","http://www.hondao.org.tw/news?category=%E6%9C%80%E6%96%B0%E6%B6%88%E6%81%AF&page=26","-1"
"2317","http://www.hondao.org.tw/article-detail/7441","-1"
"2318","http://www.hondao.org.tw/news?category=%E6%9C%80%E6%96%B0%E6%B6%88%E6%81%AF&page=36","-1"
"2319","https://www.cksmh.gov.tw/","-1"
"2320","https://www.cksmh.gov.tw/calendarlist5.html?date=2020/11/29","-1"
"2321","https://www.cksmh.gov.tw/calendarlist5.html?date=2020/11/03","-1"
"2322","https://www.cksmh.gov.tw/calendarlist5.html?date=2020/11/26","-1"
"2323","https://www.cksmh.gov.tw/calendarlist5.html?date=2020/11/10","-1"
"2324","https://www.cksmh.gov.tw/calendarlist5.html?date=2020/11/08","-1"
"2325","https://www.cksmh.gov.tw/informationlist_259.html","-1"
"2326","https://www.cksmh.gov.tw/calendarlist5.html?date=2020/11/23","-1"
"2327","https://www.cksmh.gov.tw/calendarlist5.html?date=2020/11/07","-1"
"2328","https://www.cksmh.gov.tw/calendarlist5.html?date=2020/11/09","-1"
"2329","https://www.cksmh.gov.tw/activitysoonlist_348.html","-1"
"2330","https://www.cksmh.gov.tw/calendarlist5.html?date=2020/11/17","-1"
"2331","https://www.cksmh.gov.tw/activitysoonlist_371.html","-1"
"2332","https://event.culture.tw/CKSMH","-1"
"2333","https://www.cksmh.gov.tw/informationlist_258.html","-1"
"2334","https://www.cksmh.gov.tw/calendarlist5.html?date=2020/11/19","-1"
"2335","https://www.cksmh.gov.tw/calendarlist5.html?date=2020/11/04","-1"
"2336","https://www.cksmh.gov.tw/calendarlist5.html?date=2020/11/24","-1"
"2337","https://www.cksmh.gov.tw/calendarlist5.html?date=2020/11/21","-1"
"2338","https://www.cksmh.gov.tw/calendarlist5.html?date=2020/11/14","-1"
"2339","https://www.cksmh.gov.tw/calendarlist5.html?date=2020/11/16","-1"
"2340","https://www.cksmh.gov.tw/calendarlist5.html?date=2020/11/02","-1"
"2341","https://www.cksmh.gov.tw/calendarlist5.html?date=2020/11/13","-1"
"2342","https://www.cksmh.gov.tw/calendarlist5.html?date=2020/11/20","-1"
"2343","https://www.cksmh.gov.tw/calendarlist5.html?date=2020/11/28","-1"
"2344","https://www.cksmh.gov.tw/activitysoonlist_124.html","-1"
"2345","https://www.cksmh.gov.tw/calendarlist5.html?date=2020/11/12","-1"
"2346","https://www.cksmh.gov.tw/calendarlist5.html?date=2020/11/18","-1"
"2347","https://www.cksmh.gov.tw/calendarlist5.html?date=2020/11/11","-1"
"2348","https://www.cksmh.gov.tw/links_414.html","-1"
"2349","https://www.cksmh.gov.tw/imedialist_422_1.html","-1"
"2350","https://event.culture.tw/CKSMH/portal/Registration/C0107MAction","-1"
"2351","https://www.cksmh.gov.tw/calendarlist5.html?date=2020/11/01","-1"
"2352","https://www.cksmh.gov.tw/calendarlist5.html?date=2020/11/06","-1"
"2353","https://www.cksmh.gov.tw/calendarlist5.html?date=2020/11/25","-1"
"2354","https://www.cksmh.gov.tw/calendarlist5.html?date=2020/11/15","-1"
"2355","https://www.cksmh.gov.tw/activitysoonlist_126.html","-1"
"2356","https://www.cksmh.gov.tw/calendarlist5.html?date=2020/11/22","-1"
"2357","https://www.cksmh.gov.tw/calendarlist5.html?date=2020/11/30","-1"
"2358","https://www.cksmh.gov.tw/informationlist_415.html","-1"
"2359","https://www.cksmh.gov.tw/calendarlist5.html?date=2020/11/05","-1"
"2360","https://www.cksmh.gov.tw/calendarlist5.html?date=2020/11/27","-1"
